{"0-B01": [[1.0030187137611286, -0.00018036022053413912, -14.088079059436826], [0.0029706944826296496, 1.0006304706828673, -6.403070797200765], [4.550718714627404e-06, 1.7852960384873818e-06, 0.9953687526886257]], "1-B01": [[1.0020124293664607, -0.00027248744264530536, -8.864118804927676], [0.0020480790381273745, 1.0003757638681399, -3.839503266637944], [3.0210272628536974e-06, 1.0608701201235344e-06, 0.9973313740188758]], "2-B01": [[1.0015870831083236, 0.0004991465552722161, -6.939216196988956], [0.001606220928168107, 1.000671285230166, -4.344150007572778], [2.3778247308029873e-06, 1.8937500725443952e-06, 0.9975914853707732]], "3-B01": [[1.0000000029625482, -3.2475606829176485e-10, -1.4346728545297359e-06], [1.5083140471252133e-10, 1.0000000023986213, -1.8744692052385639e-06], [1.9925642246962124e-13, -6.032760842186963e-13, 1.000000000337188]], "4-B01": [[0.9990700461500939, 0.0009157012851164835, 3.6486180268743715], [-0.001380627978282968, 1.0000131519278377, 1.9345193277993002], [-1.3809601439386204e-06, 3.795434470091459e-08, 1.0011583741165562]], "5-B01": [[0.9971128316573586, 0.00030248082005294796, 11.691368967985614], [-0.003080284189410785, 0.9993348154844246, 6.531416449886656], [-4.26144887542164e-06, -1.8517328478856793e-06, 1.003652187042767]], "6-B01": [[0.9963740160341008, 0.0006375302786456212, 15.193104754288159], [-0.004072236561988209, 0.999191332397418, 7.930832741889404], [-5.335892668756696e-06, -2.247619837377265e-06, 1.0049784206016616]], "0-B02": [[1.0122021213274537, 0.008600568508407134, -86.96197550590175], [-0.018220511700230247, 0.9888798285081253, 63.688069306380676], [2.0376769998409552e-05, -2.8342766503307617e-05, 0.9915291270234002]], "1-B02": [[1.011552647473687, 0.008185910716796117, -82.26460199190251], [-0.018809902817762285, 0.9885070529045971, 66.66272354014771], [1.9245772151589497e-05, -2.9195603684930615e-05, 0.9932998144714956]], "2-B02": [[1.0110978998558877, 0.00792408691845828, -79.98427877265998], [-0.019046560348039462, 0.9884070775646847, 67.033602581183], [1.84693609923285e-05, -2.946130528680995e-05, 0.9938120417259106]], "3-B02": [[1.0097602611315026, 0.008518500484533129, -73.4350964943532], [-0.021212850486227355, 0.987918996570189, 71.3136806673031], [1.6275464363207733e-05, -3.0519178868552325e-05, 0.9962623405346122]], "4-B02": [[1.00873084302925, 0.008243200251602181, -69.25953091266888], [-0.02218664388523132, 0.987548579086864, 73.46087803102574], [1.4590709829361711e-05, -3.140353959903835e-05, 0.9975382827774566]], "5-B02": [[1.007019704918527, 0.007646857172726084, -61.01597423099957], [-0.023989590220884125, 0.9867241299019267, 78.42794748247167], [1.180711145136921e-05, -3.3343152681790106e-05, 1.0004287554413942]], "6-B02": [[1.0062754766291873, 0.007791438701490882, -57.33170830258589], [-0.024697215589785076, 0.9866788897722043, 79.51487185640168], [1.0601882557324017e-05, -3.3401822602746724e-05, 1.0015686243359627]], "0-B03": [[1.0124739550278146, 0.019492350616351316, -129.21119222011976], [-0.009570088785380876, 1.0011632255968854, -0.04130410588837122], [2.1839898299267967e-05, 3.7105237442405858e-06, 0.9808056177623998]], "1-B03": [[1.011968846648756, 0.019785555186511157, -125.16626618896915], [-0.009921672061666637, 1.0013325189787043, -0.30466510672748104], [2.0867440167605637e-05, 4.190933337113066e-06, 0.9817065740459794]], "2-B03": [[1.01128361134852, 0.019425018861341174, -121.83469571102889], [-0.010503202678886764, 1.0010052222280923, 2.3769110887797655], [1.9643865119211865e-05, 3.2627512909193234e-06, 0.9832445098057757]], "3-B03": [[1.0098754594450197, 0.020704797328659066, -115.17586098266582], [-0.013174794359319751, 1.0006422878733874, 6.198566616195848], [1.7169437673783122e-05, 2.32799406970662e-06, 0.9855632523830823]], "4-B03": [[1.0090625505028894, 0.020323961002886363, -110.87530906174138], [-0.013820033752116, 1.0003190682996146, 8.417698281896007], [1.572963296331062e-05, 1.4249004532210571e-06, 0.9872232542708251]], "5-B03": [[1.007375395724182, 0.020198549338615902, -102.83401438187592], [-0.015492480740543255, 0.9998381033689395, 12.451948860213884], [1.2791827617143617e-05, 1.1221939396320393e-07, 0.9898691626156323]], "6-B03": [[1.0069229947921756, 0.020955224724256736, -99.53816199786087], [-0.016082761921658875, 1.0001071638358618, 11.828327049700043], [1.1996692310930767e-05, 8.812662933334915e-07, 0.9910146111824889]], "0-B04": [[1.0106984796017089, 0.03098776861144531, -165.94521955544477], [-0.021133572410685975, 1.0012462720185786, 7.584154878915481], [2.0528392536714722e-05, 4.673526299112675e-06, 0.9852098488553831]], "1-B04": [[1.0108918314135997, 0.031064286373092078, -165.00544851555927], [-0.021164005093883123, 1.001190205078724, 8.351492336590137], [2.0856708103273965e-05, 4.522951074414013e-06, 0.9857735827503236]], "2-B04": [[1.0097300708492798, 0.030062991594370026, -159.0631672158557], [-0.021647333506334677, 1.0007393066774009, 10.575577504187526], [1.859594064249195e-05, 3.2160654174194463e-06, 0.987564359363647]], "3-B04": [[1.0095079783022138, 0.03168429317431104, -157.07809970330914], [-0.023208854360824673, 1.0008132133237477, 12.314535277091043], [1.82108767343634e-05, 3.5358773589881064e-06, 0.9885563574435903]], "4-B04": [[1.0078568849357934, 0.03165180254782167, -148.81194625007632], [-0.025008956076637563, 1.0002972002248463, 16.423133162088266], [1.5113010005599316e-05, 2.1344962557906355e-06, 0.9915952931385635]], "5-B04": [[1.0069064008539088, 0.031547102454904226, -144.24888903474937], [-0.026192345294719168, 0.9998397699358997, 19.390344447149086], [1.3363997042372548e-05, 8.976829004019617e-07, 0.9933880644728592]], "6-B04": [[1.0057691185886675, 0.03191030736110905, -136.7744594792219], [-0.027303926338373995, 0.999827038185443, 21.333176436181336], [1.1239365603123483e-05, 8.916803371733308e-07, 0.996036561409249]], "0-B05": [[1.006884143075489, 0.04132470599333581, -199.37777683402234], [-0.01732886203454165, 1.012203340529372, -57.376238756848814], [1.405870334552186e-05, 3.81906948015216e-05, 0.9714265213103679]], "1-B05": [[1.0066593125632193, 0.03935384472057543, -196.1269111374933], [-0.01649761741013514, 1.0116177265778339, -53.92309086929506], [1.3533571443349453e-05, 3.613019974045404e-05, 0.9732502290603205]], "2-B05": [[1.0056762420371725, 0.0416885285115684, -191.81814957830977], [-0.018761694566632764, 1.0119615628286622, -53.586617813741654], [1.1605602608387081e-05, 3.7299986801965116e-05, 0.9743182569058091]], "3-B05": [[1.0054694922397227, 0.04029567737710456, -189.20459438303595], [-0.01826223660171616, 1.0115061980790707, -51.04667588127304], [1.1144656055848031e-05, 3.573221924904648e-05, 0.9756140464119076]], "4-B05": [[1.0039890780434813, 0.04184576527689064, -182.23633800538576], [-0.021085527631993357, 1.0111986905869674, -46.83919706591923], [8.279648746121724e-06, 3.4801698033445825e-05, 0.9785506425207674]], "5-B05": [[1.0029728796432607, 0.043619789842116695, -178.05913155518982], [-0.02329503771391265, 1.0112554377601064, -44.690080981954914], [6.357144622623708e-06, 3.5007634872966995e-05, 0.980051646016796]], "6-B05": [[1.0017053561191882, 0.042653048288807435, -169.92598493648399], [-0.023831471654246105, 1.0107897981450877, -40.860948758111284], [3.867839858737666e-06, 3.3417392241736746e-05, 0.983403741553569]], "0-G01": [[1.0210659646985967, -0.023032475815659134, -28.378832479721357], [-0.008065725793256614, 0.973029478901437, 125.0870405906736], [3.1369034665990955e-05, -6.495075767106069e-05, 0.9962518606202888]], "1-G01": [[1.0203537983290294, -0.023716467709393754, -23.979488044319933], [-0.008820823782497718, 0.9723742673837765, 128.88619461565048], [3.0226666057653304e-05, -6.623328805504339e-05, 0.9979505960332676]], "2-G01": [[1.0199528043960198, -0.023904912304113332, -21.642489177451775], [-0.00898806765725445, 0.972353675602042, 129.3392781186257], [2.957522011493042e-05, -6.623920483158267e-05, 0.9985002817739891]],