{"0-B01": [[1.0016996522496753, -0.0008839199379437507, -5.877832544267878], [0.0003187499196909134, 0.9992046695566434, 5.0266356001943695], [2.5446637079821e-06, -2.215634128558661e-06, 0.999486804845679]], "1-B01": [[1.000815563651187, -0.0007872941237692829, -3.099474284704425], [0.00012325288640671267, 0.999411261086102, 3.455983644620713], [1.218506136608041e-06, -1.6448640482363569e-06, 0.9997550099678545]], "2-B01": [[1.0002743873987392, -0.0006690835774073971, -1.122229122673169], [-0.00014449050907779331, 0.9994870035478105, 3.371927531961645], [4.0952983097437197e-07, -1.4339074275104793e-06, 1.0005282629136618]], "3-B01": [[1.0000000003643426, 1.0441249578804677e-11, -1.4770625427288379e-08], [-3.678112282854431e-11, 1.0000000000615132, 2.517014501194091e-07], [9.19719977735934e-15, 7.540482254616246e-14, 1.0000000003001235]], "4-B01": [[0.9998022948982449, 0.0006359383577483305, 0.7295335915999757], [0.00010662519670704417, 1.000447283413604, -2.764683465714618], [-2.9430363746714263e-07, 1.261712854690716e-06, 0.9997611952449352]], "5-B01": [[0.999651885490455, 0.0008382365232394485, 1.2588097698682679], [0.0004539000944477135, 1.0007761222224427, -5.181053331170405], [-5.175684092511613e-07, 2.196921017781478e-06, 0.9992700148274167]], "6-B01": [[0.9996252900587728, 0.0005905655714033297, 1.4196061808739135], [0.0006892657313934255, 1.0007756457762633, -5.92206876788263], [-5.568036297780387e-07, 2.1995974295958644e-06, 0.9992363528737931]], "0-B02": [[1.0098121418599348, 0.008236623985057309, -73.4951956714808], [-0.02142134404773244, 0.9875135665488438, 74.08527584055534], [1.638268322196907e-05, -3.143515988660435e-05, 0.9971183597932177]], "1-B02": [[1.0091934480389249, 0.007848777439180351, -70.75151161466438], [-0.021368387737903567, 0.987633646932555, 72.85156245735922], [1.533383124683334e-05, -3.1230693405970504e-05, 0.9976302433287282]], "2-B02": [[1.0086418040952796, 0.007629391870425508, -68.82617417083628], [-0.021623754105950143, 0.9875837755639613, 72.8538543424917], [1.4428011313347425e-05, -3.13896270189985e-05, 0.9982091168604337]], "3-B02": [[1.0083053691647477, 0.008356578636433527, -67.23641218996258], [-0.021558204167412595, 0.9883023354836673, 69.36605127398674], [1.3851339764594362e-05, -2.967361827507324e-05, 0.9980959359748135]], "4-B02": [[1.007984104335888, 0.008956370278668874, -66.34056625202705], [-0.021721520921638458, 0.9887531399429058, 66.97270673206162], [1.3325371130063122e-05, -2.860298574803254e-05, 0.9980561826593451]], "5-B02": [[1.0079105799774708, 0.00875612710336006, -65.86461879782809], [-0.02124838888059373, 0.9890241326578217, 64.63673489480432], [1.3175174188321317e-05, -2.802570119651906e-05, 0.9976409354225443]], "6-B02": [[1.0079520522969443, 0.008727234246161605, -65.69233173291045], [-0.021061434184308333, 0.9891273705915703, 63.96250750484878], [1.3230596060174726e-05, -2.7791206409827448e-05, 0.9976402612733292]], "0-B03": [[1.0096643875281444, 0.01888013664181972, -114.0909980939589], [-0.012864452635590372, 0.9997798184543314, 11.379437725574213], [1.6808102926899075e-05, -1.1470365847238778e-07, 0.9872525005194471]], "1-B03": [[1.0092568669347675, 0.01904647151687312, -112.54956730915008], [-0.013055077816042475, 0.9999310785979292, 10.369973930651554], [1.6088635453893155e-05, 3.0329364098979297e-07, 0.9874986310334554]], "2-B03": [[1.008413551734198, 0.01844851652568059, -109.0900316276216], [-0.013004212057573093, 0.9999421357697165, 9.479882670780048], [1.4594476437962861e-05, 3.038501499303104e-07, 0.9883368540992141]], "3-B03": [[1.0082240564171645, 0.01868984278468795, -107.98569176596271], [-0.01316835085000454, 1.0000646463529144, 8.89677656338726], [1.4257251292766056e-05, 6.493488207296832e-07, 0.9886336973290875]], "4-B03": [[1.007941478422783, 0.019328708839746217, -106.97972813509455], [-0.013406604133832215, 1.000420707146345, 6.892359267574384], [1.3762954986904644e-05, 1.6545319731138345e-06, 0.9885519687017849]], "5-B03": [[1.007704571221418, 0.020005657111439316, -106.16645895312736], [-0.01331727102043022, 1.0009885635826004, 3.1539527428594503], [1.3337220684566556e-05, 3.2552478378440954e-06, 0.9880577017822532]], "6-B03": [[1.007808619724212, 0.019791664614596822, -106.10823511372233], [-0.012805633984101481, 1.0011459845548136, 1.539701297334386], [1.349549458991752e-05, 3.6855348930125636e-06, 0.9878319627667588]], "0-B04": [[1.007275604588267, 0.030866638722733968, -146.72470558248543], [-0.025441400229011753, 0.999731301107416, 20.594885286667076], [1.406083090074136e-05, 5.503155221597025e-07, 0.9936255145290841]], "1-B04": [[1.006612812978623, 0.030761663250372443, -143.6948185749894], [-0.025588641044129654, 0.999876523550098, 19.290180448001607], [1.2803779707041666e-05, 9.312706360223854e-07, 0.9942146052058105]], "2-B04": [[1.0063007147173715, 0.030369136190963725, -142.03837780392695], [-0.025277755789607666, 0.9999839012908468, 18.44723678639167], [1.2191667702915884e-05, 1.188049177526214e-06, 0.9944948366519739]], "3-B04": [[1.005686830779968, 0.031353207708679526, -139.57561982482824], [-0.02604071956483944, 1.0003800753983094, 16.131322520074598], [1.1072560789757554e-05, 2.3377697313215365e-06, 0.9950033067872588]], "4-B04": [[1.0058242000620115, 0.0316093560779224, -139.98073891105076], [-0.025577915539788602, 1.0008074803185518, 13.186477889358084], [1.1297669630896699e-05, 3.521251336073898e-06, 0.9943269718122416]], "5-B04": [[1.0060628001307523, 0.030233048878005313, -139.47837905173367], [-0.024760862497322567, 1.0003924817252443, 12.342420749749529], [1.1677620435047797e-05, 2.2996534682128183e-06, 0.994193222357904]], "6-B04": [[1.005593793963865, 0.03127837071961113, -138.56635585504353], [-0.025054973869241343, 1.0010603435660181, 10.413714869481199], [1.0827523244467077e-05, 4.196749429551995e-06, 0.9941778496606123]], "0-B05": [[1.0023941159943401, 0.040097902669418456, -174.66200666717756], [-0.022313331300769346, 1.010018655100916, -37.36484547183423], [5.174423365717436e-06, 3.082272512793484e-05, 0.9831458504373362]], "1-B05": [[1.0018347423245724, 0.04011362314861493, -172.74440221361803], [-0.02252068664470678, 1.0100920456491285, -38.59585125226523], [4.082370665960754e-06, 3.111877510990084e-05, 0.9834408209221571]], "2-B05": [[1.0012847225566943, 0.040096088418118125, -169.6110059680395], [-0.022523371546013457, 1.0102659076941456, -39.748933902858084], [2.9973707537558892e-06, 3.167976645797596e-05, 0.9842477275849635]], "3-B05": [[1.0010260390553327, 0.03956862909961176, -168.36995105358966], [-0.022221171301170302, 1.0102174701687685, -40.46247328593256], [2.477309567315198e-06, 3.1554949071145386e-05, 0.9844923506193051]], "4-B05": [[1.0007445560340424, 0.040586944945612255, -166.78349640132421], [-0.022287679924741913, 1.0108489583284075, -44.47587794447543], [1.928061033368374e-06, 3.3661782662005973e-05, 0.9843956790364502]], "5-B05": [[1.000487695416188, 0.04195964382294578, -166.69694701811076], [-0.02324770353119357, 1.0111414145997464, -46.0899567082843], [1.472131980275829e-06, 3.47186248057651e-05, 0.9838814847741305]], "6-B05": [[1.0004826861302787, 0.04142766248819294, -166.31845872233492], [-0.022375192075248813, 1.0113485412153251, -48.401185842540166], [1.4221477852194124e-06, 3.5392222169490544e-05, 0.9834672851643526]], "0-G01": [[1.0205049353347142, -0.02241004133294274, -22.157057613153846], [-0.010158884298108376, 0.9722693846920012, 131.12709637050344], [3.040422898455083e-05, -6.624148487807952e-05, 0.9984354608842773]], "1-G01": [[1.0201725412302558, -0.022533648771110516, -20.81158044832966], [-0.010465272901188708, 0.9722000206458327, 131.08987913444312], [2.9888771723400166e-05, -6.647041949549717e-05, 0.9987335629499459]], "2-G01": [[1.0193666436882802, -0.02238369752584093, -17.948131264749296], [-0.010647688619973433, 0.9726063793384805, 129.68299823873812], [2.8641266716817827e-05, -6.56045690630546e-05, 0.9992375923345689]],