{"0-B01": [[0.9993195013803251, -0.005571103072643948, 3.8723127295338773], [0.004929308722371987, 0.9998408586944214, -2.0925586367525475], [-9.924148696158862e-07, -4.068866093337941e-07, 1.0009775178889595]], "1-B01": [[0.9995305476059302, -0.003824083028379826, 2.884926221160355], [0.0030294634670115094, 0.9997084550327814, -0.8607880736699798], [-6.909746540828073e-07, -8.031877391685788e-07, 1.000937390377664]], "2-B01": [[0.999559101037177, -0.002864500922555533, 2.395863305460522], [0.0018493841952289894, 0.9995850331002011, 1.195884922570122], [-6.53311931449075e-07, -1.1555920774828547e-06, 1.0010149827361825]], "3-B01": [[0.9999999992271926, 1.3058802459607982e-10, 2.2871337080914388e-07], [-6.487745195709042e-11, 0.9999999995885731, 5.567162067868735e-07], [-5.102089825174925e-14, 2.643775518659545e-13, 0.9999999996896354]], "4-B01": [[1.0002168198047323, -4.850484650626181e-05, -0.820443550789323], [-0.0006655293661614075, 0.9995582915822318, 1.7658575983171096], [3.2360847429308615e-07, -1.2392074699705532e-06, 0.9998726270932712]], "5-B01": [[1.000843125422353, 0.000924345087737996, -2.863719606122613], [-0.002607221353303367, 0.9988485168453016, 7.33206553399873], [1.2646722893350666e-06, -3.1990913347501634e-06, 1.0000722838397957]], "6-B01": [[1.0013619582146034, 0.0028326849244058845, -4.525233518506563], [-0.0034114322446406877, 0.9992862131554339, 5.948532681786805], [2.045516463664807e-06, -1.9722835172625577e-06, 0.9997018226145501]], "0-B02": [[1.0091617284403684, 0.0018875544707043627, -69.1161458807158], [-0.015942917858707217, 0.9875221993649927, 69.17807709740643], [1.5069371045363233e-05, -3.190304239396937e-05, 0.9973807498508163]], "1-B02": [[1.0092570666990446, 0.00289432298825702, -69.47175456838751], [-0.016943263340394248, 0.9874462885230085, 70.3183081614205], [1.5258909299599902e-05, -3.2016496283892555e-05, 0.997484694322752]], "2-B02": [[1.00943956827486, 0.00474782956677563, -70.8765393159578], [-0.01894552093221444, 0.9871895346479941, 72.50777989628358], [1.563763674050073e-05, -3.251523328578536e-05, 0.9970458762419829]], "3-B02": [[1.0095345825822648, 0.005569755438587387, -71.10200062463078], [-0.01980287998320892, 0.9870892165416895, 73.62744808977203], [1.5827224180840225e-05, -3.269640008709965e-05, 0.9973395329105581]], "4-B02": [[1.0098375794021248, 0.008410823224097815, -73.21078069135461], [-0.021579376075205867, 0.9875902833739649, 72.37691239741945], [1.6408290567440307e-05, -3.134538757989617e-05, 0.996383599219397]], "5-B02": [[1.010020344209088, 0.008591112734798552, -74.28801486167335], [-0.022619051152673632, 0.9868735549427561, 75.99709780925834], [1.6764650187325303e-05, -3.300290728459594e-05, 0.996175006723305]], "6-B02": [[1.0107566834457582, 0.010438318304197797, -76.80217405374405], [-0.024417142475980393, 0.9864701470434101, 79.03242673660309], [1.807605332232408e-05, -3.3798681395210476e-05, 0.9959766027455978]], "0-B03": [[1.0102608384460876, 0.014644391633139027, -114.1441434267542], [-0.007706935321556512, 1.0002674137537073, 3.6710291164800117], [1.7692623621592943e-05, 1.0275851812579798e-06, 0.9858272352442135]], "1-B03": [[1.010236347609285, 0.016317704478547312, -114.77117063521506], [-0.00899424441384446, 1.0004875697399755, 3.401169313240571], [1.7682785032155964e-05, 1.7009830134407644e-06, 0.9855166530425267]], "2-B03": [[1.0106171967738478, 0.017260383842814503, -116.28721016147291], [-0.010447417717784228, 0.9999801244674835, 7.0298366977498805], [1.8391282716338025e-05, 3.508833814543607e-07, 0.9855125749931704]], "3-B03": [[1.0107713369797497, 0.01917683237855507, -117.1676954727702], [-0.011363698217412309, 1.000517192280347, 5.143683087432671], [1.8684850639043124e-05, 1.911508024226374e-06, 0.9850715074451358]], "4-B03": [[1.010868074141907, 0.019913845608665177, -118.88701667790289], [-0.013155233187122736, 0.9997730367576284, 8.924929139051237], [1.8930808095266138e-05, -7.932011090571698e-08, 0.9845759367961142]], "5-B03": [[1.0112533298330957, 0.02100942499163273, -120.1338264224992], [-0.014439261529588434, 0.9994486057417235, 12.108157519641122], [1.965375946409611e-05, -8.946374704108014e-07, 0.9848071853189819]], "6-B03": [[1.0119884330401523, 0.023752511099300145, -123.56498428042353], [-0.01598171159973004, 0.9998511794164325, 10.836109195666191], [2.101928905783536e-05, 3.5776156632233385e-07, 0.9835723485362745]], "0-B04": [[1.0087607893160997, 0.02555432491321249, -150.47644138993965], [-0.01891662982713121, 1.0001434337604989, 11.975041782947493], [1.6532719905711043e-05, 1.271356087445724e-06, 0.9908677525494054]], "1-B04": [[1.0089064805082257, 0.02709978155624641, -151.08414668636527], [-0.020097021305929608, 1.0002722882936537, 12.280248529569082], [1.6853611352678906e-05, 1.727779842473304e-06, 0.99079501644667]], "2-B04": [[1.0092758682716672, 0.02839478282751529, -153.03587590199047], [-0.021783713924051772, 0.9997683409257446, 15.795030798569378], [1.7638037933166377e-05, 4.586238921995115e-07, 0.9903753333207062]], "3-B04": [[1.0090712881270225, 0.029811624809498682, -152.96339286944337], [-0.022778697049669665, 1.0000982481159315, 14.96335957880746], [1.7307323227172972e-05, 1.4568278300036642e-06, 0.9904036521793932]], "4-B04": [[1.0093873958734465, 0.03151427553292713, -154.9195789719393], [-0.024540653892624515, 0.9998296145937633, 17.135499846077632], [1.800971742442919e-05, 8.709675519421616e-07, 0.9900007371099319]], "5-B04": [[1.009488107870446, 0.03172327832236503, -156.02862086174346], [-0.025413156573638372, 0.9992905648912651, 20.218036190855706], [1.8264740182216968e-05, -5.53803411144824e-07, 0.9897086672920451]], "6-B04": [[1.0101218009552382, 0.034614817616141054, -159.32460805081746], [-0.027560896436418913, 0.999375068617866, 20.985439629679902], [1.9610767404433365e-05, -7.265304542851807e-08, 0.9888735758807348]], "0-B05": [[1.0041080609854813, 0.03488439885851919, -179.63710726361367], [-0.014490888442484235, 1.0110913898477463, -51.70075834901984], [8.25029945797832e-06, 3.4178094066682175e-05, 0.9791736571052398]], "1-B05": [[1.0043393539302452, 0.03657808063100304, -180.96776253243772], [-0.016096129742089196, 1.0110235656339788, -49.84097170071502], [8.765197834921102e-06, 3.401904361727493e-05, 0.9791858488488969]], "2-B05": [[1.0042468446767552, 0.03864698403688209, -182.0916492293808], [-0.018308985315904764, 1.01092159378668, -47.779937598040654], [8.674108284715515e-06, 3.378875353556834e-05, 0.9787616478111231]], "3-B05": [[1.0047103933068695, 0.03895764668777041, -183.34358005955727], [-0.018659809028153524, 1.0107025606343527, -46.2090580585138], [9.606189154040552e-06, 3.311956833974673e-05, 0.9788647521364717]], "4-B05": [[1.0048439326897964, 0.041987933798043435, -185.6125285899142], [-0.020672276247269947, 1.0112082518177146, -47.68084600970295], [9.969464324663388e-06, 3.4903343583851583e-05, 0.9776028387157389]], "5-B05": [[1.0049262717097798, 0.04143118315372875, -186.05487044138545], [-0.02117861494509589, 1.0105148233272012, -43.90048564240165], [1.0160849752470977e-05, 3.269587694662252e-05, 0.9777720368932881]], "6-B05": [[1.005475279856281, 0.04434821461847231, -189.03280271817727], [-0.023854702049693855, 1.0103633292022807, -40.34837084885465], [1.1399704536788334e-05, 3.2364609886765396e-05, 0.977475662276034]], "0-G01": [[1.017767694299139, -0.030803633364696287, -10.647660638040632], [-0.005077839494517139, 0.9716006089517002, 129.69432497958616], [2.6061107616242503e-05, -6.808220314402568e-05, 1.0015045060903818]], "1-G01": [[1.0177837233785703, -0.02999834369252305, -10.456565575963934], [-0.006069973442549997, 0.9714448360047716, 131.084935262891], [2.6095220524010402e-05, -6.835726205432631e-05, 1.001718011089221]], "2-G01": [[1.0179152796319584, -0.028241243294809742, -11.356493408702766], [-0.0077800434606625085, 0.9713810703605967, 132.28670354763503], [2.6332589515543567e-05, -6.843591274651112e-05, 1.0014168347625754]],