{"0-B01": [[1.0016431340695406, 0.0005322772423757776, -5.297035626685589], [0.0007291643544439503, 1.0002047443802466, 0.4573206990655552], [2.4562512717215434e-06, 5.729986853319805e-07, 0.9985613556431833]], "1-B01": [[1.0010182761167217, 0.00021139584928467413, -3.138070984001259], [0.0003885702095319188, 1.0000303625313796, 0.6799970337460635], [1.5201539342987035e-06, 8.510759339532038e-08, 0.9992508297393601]], "2-B01": [[1.0006882538440558, 0.0009243068406211381, -2.5335246163903635], [1.4215991929191472e-05, 1.0003039190741172, -0.20540459019460464], [1.0271873591543856e-06, 8.526141914583861e-07, 0.9992684697763309]], "3-B01": [[1.000000000423036, -8.763778203199343e-11, -9.162497812580656e-08], [2.3009865823922874e-11, 1.0000000001464373, -2.6381666423674593e-07], [1.3491573225290021e-14, -1.577862164458281e-13, 1.000000000262393]], "4-B01": [[0.9997965952014155, -0.00018784602494971076, 1.0128743864571559], [-0.00021292381927757214, 0.9998445666979228, 0.5938211170383759], [-3.028979072980126e-07, -4.367067824311601e-07, 1.0006037105115655]], "5-B01": [[0.9993932538567738, 0.0010576513466337258, 2.171601291860945], [8.331758191935849e-05, 1.0007675159800444, -4.813715333426139], [-9.024419585279696e-07, 2.1730723210988367e-06, 1.000194441569112]], "6-B01": [[0.9987443657875178, 0.001253035364873247, 3.719411073072542], [0.0002809442294041925, 1.0011469927790566, -7.364345687474367], [-1.8657739503157111e-06, 3.260117111379232e-06, 1.0002316045707087]], "0-B02": [[1.0114300536795877, 0.008043866616512303, -79.06103001168009], [-0.01986892256208632, 0.9876792107029724, 73.08983699004926], [1.9013403959507388e-05, -3.0986167500672144e-05, 0.9944679620888233]], "1-B02": [[1.0109827384960213, 0.008589948346267981, -77.44084251716905], [-0.020300116941747683, 0.9879972899075917, 71.28860192242145], [1.8274218244569787e-05, -3.026194177361763e-05, 0.9948381283744179]], "2-B02": [[1.0105957240781225, 0.008505114459639505, -76.20056182174146], [-0.0206756440809051, 0.9878651482588722, 71.87020077416462], [1.7645069578948368e-05, -3.05937446484781e-05, 0.9953177624914618]], "3-B02": [[1.0100859776684417, 0.008228761813662286, -74.13482447279706], [-0.020952927251526973, 0.9877735307289043, 71.58758477933561], [1.679839394578442e-05, -3.0895786358619044e-05, 0.9959765642251436]], "4-B02": [[1.0098067167144544, 0.007912021442069218, -72.98058750083484], [-0.020951605716504125, 0.9877108091493061, 71.5918538920779], [1.63301873119011e-05, -3.108624863570485e-05, 0.9963640552085846]], "5-B02": [[1.0093088382441286, 0.008316322988244267, -71.09919390965857], [-0.02128452963368397, 0.9880138728620724, 69.93358468877909], [1.550995371506968e-05, -3.0394358140934702e-05, 0.9968926446794892]], "6-B02": [[1.0090066215450404, 0.008399353121824424, -70.04367469283726], [-0.02098304339981258, 0.9884405502337776, 67.50584453167608], [1.4993975146645739e-05, -2.941146917061302e-05, 0.9970240238060679]], "0-B03": [[1.0121960190917665, 0.019858856027148774, -123.56759068437381], [-0.01102219564112366, 1.0005608760830906, 6.32154392114264], [2.123679845082198e-05, 2.0557429994456197e-06, 0.9828295202748892]], "1-B03": [[1.0115610278372287, 0.019679174777345942, -121.42358680747061], [-0.011236592288829086, 1.0005803437463117, 5.202189729555931], [2.0109644559927483e-05, 2.105672350475765e-06, 0.9832453767924799]], "2-B03": [[1.0114478322959102, 0.02010289351622097, -120.58617608477566], [-0.011797028994098728, 1.0005279359215231, 5.927709715659992], [1.9915525389228178e-05, 1.9841015420230453e-06, 0.9838849034788848]], "3-B03": [[1.0109705781369611, 0.01983910758031278, -118.59233157684116], [-0.0119129917925608, 1.0004925015407922, 5.2786854493384165], [1.9062416072418928e-05, 1.8780580923183123e-06, 0.9844165462114866]], "4-B03": [[1.0104568133428726, 0.019564408259972212, -116.84656537084769], [-0.01223999474983616, 1.000318149549862, 6.092970397274879], [1.8166191594511763e-05, 1.3875970865604091e-06, 0.9851038009442912]], "5-B03": [[1.0100757919737435, 0.020268803094621115, -115.19601661447864], [-0.012094023637034388, 1.0010093601531858, 1.6979770743165836], [1.7474730231689372e-05, 3.3315833436138217e-06, 0.9851879109995079]], "6-B03": [[1.0099344827427637, 0.02049789461077197, -114.59468662011898], [-0.011680326872994537, 1.001472564433613, -1.4881510960461442], [1.7207614686399274e-05, 4.6372424577899705e-06, 0.9849889034960053]], "0-B04": [[1.0107039076081592, 0.030657598764296818, -160.2938412059484], [-0.022402586088744285, 1.0001325664722627, 15.862577315889272], [2.043437603444078e-05, 1.6102220731865495e-06, 0.9876963302537484]], "1-B04": [[1.0098655292365892, 0.03140097417735713, -157.4859816879241], [-0.023127711663846136, 1.000516071905544, 14.063303797128437], [1.8868128456761466e-05, 2.705817172256284e-06, 0.9885682865555848]], "2-B04": [[1.0098320731166195, 0.03099378808785934, -157.30451694206366], [-0.023260951394671298, 1.0001714079523782, 15.238953994750183], [1.881130392989731e-05, 1.7458140344105886e-06, 0.9887376145039349]], "3-B04": [[1.0095439670973994, 0.03068538318912232, -155.47930587724886], [-0.022996479411779867, 1.0003017634398013, 13.830338732582563], [1.822729633187933e-05, 2.0765600759983675e-06, 0.9892253617646704]], "4-B04": [[1.0088096694369577, 0.03189455787923377, -153.30337899123214], [-0.02445156376538753, 1.0004101621548342, 14.681028772132372], [1.6912995415825213e-05, 2.4644861110243873e-06, 0.9901486007827003]], "5-B04": [[1.0086591322680707, 0.03188621414221439, -152.1256121456576], [-0.02412122632117892, 1.000722984638064, 11.485030600075133], [1.659093924549738e-05, 3.3245203746530363e-06, 0.9902784147051266]], "6-B04": [[1.0084422425798307, 0.031602566061158334, -150.9330802311597], [-0.0233954620440375, 1.0011473444003094, 8.400887841499951], [1.6130739461331438e-05, 4.468497993411253e-06, 0.9902335444937574]], "0-B05": [[1.0062590375743883, 0.041285232360815986, -191.28916109687506], [-0.018891412994728077, 1.0114321212616375, -47.90800148264022], [1.274237006547428e-05, 3.5366155452223325e-05, 0.9754371146537526]], "1-B05": [[1.0055751567128106, 0.043282734017803456, -189.61614766283802], [-0.020820455147817288, 1.0116710631722114, -48.20689807595988], [1.1456388586290773e-05, 3.62722814349544e-05, 0.9758937222855829]], "2-B05": [[1.0052271955741454, 0.04081581136686341, -186.92166292892298], [-0.019391899084465408, 1.0111860245801538, -47.88664947429956], [1.0683760562764726e-05, 3.4707322621157116e-05, 0.9770770509764661]], "3-B05": [[1.0049374713505876, 0.04157313263825617, -185.8797435337073], [-0.020090677924008565, 1.0112991182012425, -48.321371657638394], [1.0131751316499256e-05, 3.5144145257781715e-05, 0.9774626028555738]], "4-B05": [[1.0048724494493027, 0.0426883729516993, -186.20273184333053], [-0.0211319580130629, 1.01133232935558, -47.95586369984743], [1.005215664376903e-05, 3.5334488833557635e-05, 0.9773912640013971]], "5-B05": [[1.0044798830758286, 0.041915443027471334, -183.69252867016124], [-0.02036467917426373, 1.0114705597064073, -50.034793895914845], [9.221300463947263e-06, 3.580925093106533e-05, 0.9781306415085911]], "6-B05": [[1.0040176051907639, 0.04250397995889596, -181.93537053077134], [-0.02075334733224633, 1.0117244794473115, -51.93034793369245], [8.31475025788835e-06, 3.673405404752124e-05, 0.9785138719788811]], "0-G01": [[1.020106085544887, -0.024536472303879852, -19.334665643706874], [-0.00942494670488613, 0.9714859669002773, 134.34129945057018], [2.9729331032319425e-05, -6.78251793512918e-05, 0.9992685826945692]], "1-G01": [[1.0198415442937159, -0.02424629038174321, -18.464084404764286], [-0.009429640399358213, 0.9718608362675115, 132.70483267093323], [2.9319588594635157e-05, -6.708021884318465e-05, 0.9993812137812144]], "2-G01": [[1.0192060153516307, -0.02401146841142666, -16.345342855097346], [-0.010279568947394142, 0.9717704763018332, 133.31208814403251], [2.8365949070038067e-05, -6.729976774289334e-05, 1.0000487646211678]],