{"0-B01": [[0.9999303502318242, 0.0025806630574962404, -0.44991951326559987], [-0.0031494954167613424, 0.999707287995207, 2.848525485129983], [-9.64637778812119e-08, -8.086136786265393e-07, 1.0001773610368938]], "1-B01": [[1.0000668351776263, 0.001840246291985826, -0.7930555995746728], [-0.0022367385297531587, 0.9997642410179737, 2.1682645216417034], [1.0342623157872968e-07, -6.54822737843983e-07, 0.9999396341397526]], "2-B01": [[1.0000458692915497, 0.0005579854329260088, -0.37989579387378297], [-0.000755871869039231, 0.9998805183265864, 1.0204122723831088], [6.881416456974402e-08, -3.346250345692735e-07, 1.0001078679682505]], "3-B01": [[0.9999999993222415, 8.266846723180803e-11, 4.872835079723545e-07], [2.582502475181166e-11, 0.9999999993570032, 3.838574015986547e-07], [4.121000031019486e-14, 1.0651087148416205e-13, 0.9999999999002214]], "4-B01": [[0.9993656877833647, -0.0010167634361173605, 2.1735486799879427], [0.0005777133088979248, 0.9999462749297173, -0.21640785030796847], [-9.435507445384636e-07, -1.497119525682103e-07, 1.0005149366050834]], "5-B01": [[0.9991852927473647, -0.001075004548859721, 3.0714949859112437], [0.0008288905586044843, 1.0000993660804072, -0.37534477587933374], [-1.2108070699795335e-06, 2.810244099063729e-07, 1.0007462640150815]], "6-B01": [[0.9979903503185026, -0.00247223218443033, 7.474579827191942], [0.0005086466258678285, 0.9995246345428183, 2.6077310362458914], [-2.981114151368578e-06, -1.3259881675470315e-06, 1.0026179145588967]], "0-B02": [[1.009154833188781, 0.011614273411557182, -72.31919462173349], [-0.025571985429989782, 0.9872516795843723, 75.12216416747849], [1.545886553178917e-05, -3.197804364100614e-05, 0.9965345256164918]], "1-B02": [[1.0096999931111013, 0.009632662322848966, -73.38337220267803], [-0.023183368388808828, 0.9873455537054354, 73.95136539405144], [1.625503262237317e-05, -3.186460329263678e-05, 0.9964154898893252]], "2-B02": [[1.0098153211550154, 0.008822753410951905, -73.86997743597406], [-0.022284250011811554, 0.9873774549738191, 73.3227723020113], [1.64119860831631e-05, -3.183800355137412e-05, 0.9961124877804322]], "3-B02": [[1.009650300241645, 0.00806830007827064, -72.97596728961531], [-0.021193411917335928, 0.9877206441349786, 71.36807388736193], [1.6087607098944694e-05, -3.1071930696447794e-05, 0.996239807753636]], "4-B02": [[1.009583269580366, 0.007435425112181875, -72.29492197728187], [-0.020733889143016847, 0.9876546708359989, 71.52875240104338], [1.5953320616470677e-05, -3.126200842052257e-05, 0.9965947936994763]], "5-B02": [[1.00924576419359, 0.0071576914948291055, -71.20219702996044], [-0.02048855961017037, 0.9877933846585526, 70.8808999982895], [1.5384389044191424e-05, -3.0943507634248884e-05, 0.9968476345501327]], "6-B02": [[1.008428228528732, 0.005262968197752759, -67.64557066940729], [-0.02022042716446352, 0.9870983497607362, 73.90436457225736], [1.4015284154286198e-05, -3.268042532868915e-05, 0.9983516244932321]], "0-B03": [[1.0104368920929363, 0.02247502541027362, -118.23637256747789], [-0.015379496076394704, 1.0000902160231189, 8.797955622232076], [1.8246432767083648e-05, 9.276831106314658e-07, 0.9849231903464295]], "1-B03": [[1.010663220501593, 0.020336888383125612, -118.49205276309873], [-0.013045131412030602, 1.0001918896269293, 6.782183501161515], [1.85716042226126e-05, 1.0840396525247422e-06, 0.9845943612950835]], "2-B03": [[1.0106805237528342, 0.020037566567535987, -118.37781386819972], [-0.012642816260073237, 1.0002535556037802, 6.925669716504602], [1.8590213836853843e-05, 1.2344784808671539e-06, 0.9846901882848484]], "3-B03": [[1.010453185749988, 0.01941825648436475, -117.22946431027542], [-0.011749007527684666, 1.0005418236020183, 4.962484094246735], [1.8156386170915344e-05, 1.9915462725475395e-06, 0.9848172648288227]], "4-B03": [[1.0102963492101182, 0.01912147259544049, -116.5315584537998], [-0.011378166581283483, 1.0006614623119696, 4.062145694744495], [1.7866251286281396e-05, 2.3059126603696943e-06, 0.984908912054431]], "5-B03": [[1.0099607111816025, 0.01811739894417605, -114.80098449197185], [-0.01108612198720757, 1.0003616896616518, 5.508076637510531], [1.7262004705766604e-05, 1.4344459666266827e-06, 0.9857523963347391]], "6-B03": [[1.0093422110988892, 0.01721874908255773, -111.69604434047963], [-0.011018101958729976, 1.0000921710123667, 7.51676177768023], [1.616011102071914e-05, 6.53882076590785e-07, 0.9871270371883338]], "0-B04": [[1.0088132307929447, 0.033993364919520506, -154.6797967964145], [-0.0272440385121102, 0.9998213413069087, 17.99438175204966], [1.7090599638389504e-05, 1.0637307882238286e-06, 0.9898684206907489]], "1-B04": [[1.008901319920872, 0.03309197080129995, -154.7959494694964], [-0.026232481166364615, 0.9999004641056057, 17.22615545160471], [1.7201595528176506e-05, 1.196130935860397e-06, 0.9897421811074554]], "2-B04": [[1.0090420022000999, 0.031089678064691973, -154.58760034982302], [-0.024208433473865202, 0.9999436171357804, 16.00904717198598], [1.7354565718932305e-05, 1.1429635392820631e-06, 0.9896769503137542]], "3-B04": [[1.0091900195903314, 0.031143111458760447, -154.91693796699434], [-0.02368063724721268, 1.0002833076012525, 14.270293238859953], [1.7604425104277527e-05, 2.0632894084793304e-06, 0.9894742477949873]], "4-B04": [[1.0087911917114878, 0.030433495348422768, -153.09673985090035], [-0.023042617941406322, 1.0004514995193727, 13.056753402666308], [1.6807814735265514e-05, 2.46236610717152e-06, 0.9899211672846452]], "5-B04": [[1.0085123846876152, 0.029574004981277536, -151.97459433814421], [-0.022646052403961787, 1.000289479272384, 13.820143297372168], [1.6261796323762477e-05, 1.9550650995133603e-06, 0.9903149152311231]], "6-B04": [[1.0078732440565645, 0.02788967824081579, -148.20257972067225], [-0.022144062052662804, 0.9998274498033305, 16.157944834413517], [1.501101239152473e-05, 5.794106820690844e-07, 0.9920904517019642]], "0-B05": [[1.0043616319282904, 0.04423373873321126, -185.32292950434962], [-0.02387884977485568, 1.0106718873034566, -44.345436178532665], [9.169818795219561e-06, 3.350146046792243e-05, 0.9779781953968653]], "1-B05": [[1.0046067757478698, 0.044394595056831236, -186.27254697214664], [-0.023580120941107393, 1.010890106648939, -44.64605214465271], [9.6467600502578e-06, 3.411128543539652e-05, 0.9777043470372003]], "2-B05": [[1.0046976522829212, 0.0422522055669569, -185.98138791430864], [-0.02126787586594286, 1.0110464567426012, -46.90180622147824], [9.714743512401975e-06, 3.4436043078297826e-05, 0.9773484622094941]], "3-B05": [[1.004936429192986, 0.040937732783798815, -185.87822066843955], [-0.020047041336888564, 1.0109374483894034, -46.84225923007012], [1.0130655887709422e-05, 3.399474665360308e-05, 0.977657247635419]], "4-B05": [[1.0045254204435727, 0.040618183927216514, -184.1947832908529], [-0.0194951253784592, 1.011254430089106, -48.85154085408365], [9.283783720414662e-06, 3.49671498280043e-05, 0.9778570077148994]], "5-B05": [[1.004486884181677, 0.04077352625878431, -184.30374689158705], [-0.01932238212776208, 1.0114796553714038, -49.984497423458656], [9.201636062101805e-06, 3.56690812570897e-05, 0.9775531858318535]], "6-B05": [[1.0036241130498322, 0.03836055510495606, -179.30788575175487], [-0.018534493274163524, 1.0108459817941684, -46.9167838430816], [7.4431344295456826e-06, 3.350798542782993e-05, 0.9798908998975925]], "0-G01": [[1.0175050352967372, -0.019812447649365676, -12.054645799253205], [-0.01585831376087861, 0.9717397552516293, 134.67453221454417], [2.5937820415602823e-05, -6.748831103351645e-05, 1.0009542124097055]], "1-G01": [[1.0181462119739249, -0.022553305923853007, -13.645814764159216], [-0.013431631945759007, 0.9711953877441494, 135.79293870913918], [2.6848035205385642e-05, -6.867973640561358e-05, 1.000931840691415]], "2-G01": [[1.0184211280225552, -0.023451164439142098, -14.035515894228983], [-0.012499221070962447, 0.9711140126105482, 135.59960389441164], [2.7231773702747988e-05, -6.889225356455056e-05, 1.0009180456611193]],