{"0-B01": [[0.9976321286619239, 0.006534782023488616, 7.233528815619326], [-0.006150963759949148, 1.0008284747542746, 0.0143699269274583], [-3.4862057529662447e-06, 2.3744382624782934e-06, 1.002043761017217]], "1-B01": [[0.9981608217091478, 0.0049496237641114375, 5.557961361554001], [-0.004685631746911319, 1.0006321487795686, -0.03562863284594955], [-2.7158005338820667e-06, 1.8030102075996049e-06, 1.0015141363609688]], "2-B01": [[0.9995880872124755, 0.002083329011731028, 1.4594462922305715], [-0.0015609859990512018, 1.0003882025153732, -0.4362528585925551], [-6.114241729604655e-07, 1.0948223731443126e-06, 1.0004871627985867]], "3-B01": [[1.000000000932294, -3.0427106457963867e-10, -5.734098356993212e-07], [-1.32408909985923e-10, 1.0000000007101901, -6.263477513046319e-07], [-1.2530713521047598e-13, -3.2218421993130495e-13, 1.000000000462367]], "4-B01": [[1.0010383873922861, -0.003231590646698443, -3.420503912937211], [0.002995977648900187, 0.9995761805823494, 1.0243797103563232], [1.5572018966806907e-06, -1.1757597670958294e-06, 0.9991606026739657]], "5-B01": [[1.002124929326069, -0.004929429559019486, -6.131555848596421], [0.004512289208648695, 0.9991588136251109, 2.206108701718538], [3.19201097692993e-06, -2.3276410339961375e-06, 0.9986046630793498]], "6-B01": [[1.003315834111661, -0.007452221685119377, -9.680384793525144], [0.007827749318625139, 0.9992242771892027, -0.4949780241070445], [5.011005206128489e-06, -2.1119571116086997e-06, 0.9973941829162162]], "0-B02": [[1.0066754370277224, 0.014847352987463857, -62.009213174552386], [-0.028961183295296754, 0.9881645499524236, 74.32916264941409], [1.1488151439272095e-05, -2.9530175874596825e-05, 1.0001563095574575]], "1-B02": [[1.007827263224014, 0.012668542118365643, -66.4763717548353], [-0.025904724402491943, 0.988328245682457, 71.76897482541303], [1.3248207972578453e-05, -2.9308821899274836e-05, 0.9983069659969358]], "2-B02": [[1.008545426038964, 0.010630881685537935, -68.4535092765334], [-0.02415753988514801, 0.9878714518474836, 72.84314432089536], [1.4357561933122258e-05, -3.052466445906285e-05, 0.9979034377064941]], "3-B02": [[1.0096768916194239, 0.008544771455346465, -72.75134654690444], [-0.02126215525347317, 0.987970101330314, 70.74405778553324], [1.6127474389936726e-05, -3.0426646252525977e-05, 0.9963186587767496]], "4-B02": [[1.0103805451119383, 0.006468306227767417, -74.78734389234708], [-0.019704652946807965, 0.9873288247453125, 72.84371445133422], [1.724362321591351e-05, -3.2048382964485335e-05, 0.9960238419369215]], "5-B02": [[1.0115419751146677, 0.0027757142598220275, -78.430511448574], [-0.016280229000912586, 0.9866899065083381, 73.47184528569227], [1.9071901029214948e-05, -3.376400174049854e-05, 0.9949665470294847]], "6-B02": [[1.0122675839236837, 0.0012171749183493169, -80.62520787685317], [-0.014785291103977314, 0.9863078945211459, 74.66334108173862], [2.024524537568753e-05, -3.4703197308630144e-05, 0.9945266261557945]], "0-B03": [[1.0083682752563625, 0.026170985532610446, -109.19711403722624], [-0.01874993739622703, 1.0010103956372993, 7.014680561451182], [1.4666649586102893e-05, 3.6665659604073423e-06, 0.9878863916806176]], "1-B03": [[1.0093878789826496, 0.022826567353501533, -113.10065229698401], [-0.015500263851611263, 1.0006539250182418, 6.708591103186366], [1.636218690327219e-05, 2.483509679422783e-06, 0.9863611917686465]], "2-B03": [[1.010008146982661, 0.021572018948515313, -115.09432545575437], [-0.013937107048246883, 1.0006422631113148, 5.983330365801464], [1.7410152521809928e-05, 2.379769147382635e-06, 0.9857584608962823]], "3-B03": [[1.0110300758336173, 0.018671120091998904, -119.05353280700612], [-0.011103846866740763, 1.0002589361917524, 6.251346599573525], [1.9161290268363343e-05, 1.1789279502163106e-06, 0.9843861448720209]], "4-B03": [[1.0115716776358512, 0.01695178225748964, -120.7139303079652], [-0.009293376695029295, 1.0001413373740313, 5.5136596612485755], [2.0083825517797255e-05, 7.771859875260514e-07, 0.9839266969839616]], "5-B03": [[1.0126688722680812, 0.012761057325317642, -124.11857627700793], [-0.005810797232354564, 0.9993009900800727, 7.882456132165077], [2.198036882642297e-05, -1.6848979559278304e-06, 0.9830552830017023]], "6-B03": [[1.0134955636222804, 0.012929839633061603, -127.10311912007055], [-0.004615514603868221, 0.9998439013027124, 4.824649716524925], [2.344195160111254e-05, -1.989599285729511e-07, 0.9819466002030014]], "0-B04": [[1.0066804253427197, 0.037736153676491725, -145.0294181016806], [-0.030925375246571615, 1.0006661413117135, 16.8388698083702], [1.3215083710411886e-05, 3.6789594503537687e-06, 0.9931777081326721]], "1-B04": [[1.0077404097375673, 0.034418832186591045, -149.04119880479283], [-0.02740824039443466, 1.0004900584699288, 15.491176634216671], [1.502104744802347e-05, 2.899024446915654e-06, 0.9915209182396516]], "2-B04": [[1.0082407061922058, 0.03283186871208504, -150.67231932452623], [-0.02586323653018239, 1.000305069450612, 15.518633348304531], [1.5889291404639175e-05, 2.262282862875638e-06, 0.9911462738189755]], "3-B04": [[1.0089220433471973, 0.03216075835499775, -153.4335273858204], [-0.024480539215127474, 1.0005206649522005, 13.57562481187729], [1.711687725468032e-05, 2.7896196626873875e-06, 0.9899574288554479]], "4-B04": [[1.0098621827156642, 0.029012496643305102, -156.63656845355334], [-0.021561428416484618, 1.0000477821275526, 14.630245637995397], [1.8779760524277717e-05, 1.2581206512237252e-06, 0.989073080263667]], "5-B04": [[1.0102027502032003, 0.02658289306859747, -158.0408436142136], [-0.0196030772500018, 0.9996475300913161, 15.072792692178888], [1.9359207563387585e-05, -1.378419625538224e-10, 0.9885252545532679]], "6-B04": [[1.011766721724489, 0.024145415100526077, -163.04049422143524], [-0.016533816008913883, 0.9994235501257842, 15.16932964944569], [2.223662041061655e-05, -7.695984140219252e-07, 0.9871921135376934]], "0-B05": [[1.0021279302339445, 0.04935027293843741, -175.41767979975305], [-0.02853015495872643, 1.0115953201720362, -44.44980563880075], [4.961098842925139e-06, 3.6683523505815426e-05, 0.9818282232393739]], "1-B05": [[1.0031029375714684, 0.04590326390562137, -179.04407340752616], [-0.024671822425031652, 1.0116368130962694, -47.742630689157615], [6.68268611884773e-06, 3.6579340683447826e-05, 0.97988936733797]], "2-B05": [[1.003499246551994, 0.04411853270393734, -180.3572039981273], [-0.023294808026675808, 1.011315539493413, -46.57003392608118], [7.404684614712091e-06, 3.540088090032425e-05, 0.9797200748186237]], "3-B05": [[1.004686535198346, 0.042310334891848864, -185.4300754964589], [-0.020670231203906257, 1.0114680292402758, -49.09406642787811], [9.659130368167432e-06, 3.5745493152030894e-05, 0.9774480565727606]], "4-B05": [[1.004999086795147, 0.040153524184728596, -186.09082158533678], [-0.019193498767402648, 1.0110047421151562, -47.034451338698524], [1.022399219329122e-05, 3.4091699409680903e-05, 0.9775953007706406]], "5-B05": [[1.006002244174765, 0.03563992440160869, -189.2001766010646], [-0.015016582934382688, 1.0105466145415338, -47.36527439783005], [1.2087239184396127e-05, 3.238323294491492e-05, 0.976539403262224]], "6-B05": [[1.0067004749332569, 0.034640880049827516, -191.57360516829104], [-0.014059704901069905, 1.0102850157907721, -45.843058735148205], [1.3463392134724567e-05, 3.1447444695805115e-05, 0.9759572599911639]], "0-G01": [[1.015263325511946, -0.017277298720830392, -2.0882677228904396], [-0.019043111192314773, 0.9723676403534582, 135.4157530123931], [2.2585781855388586e-05, -6.59212697703198e-05, 1.0044884649012173]], "1-G01": [[1.0162036229809162, -0.019130148771029795, -5.91653008381203], [-0.01621705534531318, 0.9726117630232086, 132.70162599071904], [2.393257500286706e-05, -6.552341894056948e-05, 1.0031350348257222]], "2-G01": [[1.016843924592022, -0.021206037517777512, -7.876392451423707], [-0.014574303516125407, 0.9720322391057789, 133.78130397100736], [2.4856261573946535e-05, -6.684755443158536e-05, 1.0026575291181203]],