{"0-B01": [[0.9996934158091086, 0.0010108166018880649, 0.4124544910350759], [-0.000784307827090241, 1.000206228564677, 1.2475272964754853], [-4.5659487352881414e-07, 5.780070761724552e-07, 1.0004958124761112]], "1-B01": [[0.9997180055995453, 0.0015045907027925643, 0.26711027505584006], [-0.0006775841921989095, 1.000517687305555, -0.46055386157692535], [-4.199546184347966e-07, 1.4530429484852862e-06, 1.0001021673009574]], "2-B01": [[0.9999836614464078, 0.0002580698519720188, 0.08764863869568025], [-0.0003083784119560096, 0.9999773924566849, 0.8644040397565158], [-2.4278257970710445e-08, -6.328602526094132e-08, 1.0001868224802657]], "3-B01": [[1.0000000021211066, 2.1822553883104326e-10, -2.1251191458543288e-07], [-9.197133516660576e-11, 1.0000000003800513, 1.4217771385276754e-06], [2.5315717368616596e-14, 4.760424039506679e-13, 1.0000000017143755]], "4-B01": [[1.0001894948166674, 0.001359345359899642, -0.6570886392988323], [8.021272892749489e-05, 1.0007067550221374, -3.7939954563778344], [2.822761480913474e-07, 1.9953893033268084e-06, 0.9991264708149532]], "5-B01": [[1.0002224725905924, 0.001384691421585494, -0.8590149270189029], [4.947411673870578e-05, 1.0006938957407678, -4.233571093436774], [3.313939469820575e-07, 1.9613833578499832e-06, 0.9988810371033142]], "6-B01": [[1.0001672865953228, 0.0013221965918697647, -0.16534173753440085], [0.0003501371379724177, 1.0008332281565095, -5.401178051977858], [2.4903438378743636e-07, 2.359183468733927e-06, 0.9988119478801645]], "0-B02": [[1.0081036508848604, 0.009274458520024299, -67.00546198416819], [-0.022488253654898326, 0.9882817488478203, 71.44397214780741], [1.3568506206593393e-05, -2.956017885875693e-05, 0.9986964308703667]], "1-B02": [[1.0080282030979129, 0.009829682081021467, -67.1501088856853], [-0.02255141833854624, 0.9886478258324203, 69.56864020373085], [1.3446505373538892e-05, -2.8675339490989478e-05, 0.9982210234121212]], "2-B02": [[1.00827270623765, 0.008783499923515712, -67.37681614112887], [-0.02193044850233894, 0.9883145503069185, 70.00569350761762], [1.3815594500749982e-05, -2.9578084051940013e-05, 0.9980541095537345]], "3-B02": [[1.0084388434927722, 0.008788927217836149, -67.72360247755974], [-0.021675842046222797, 0.9884288859011503, 69.27564409424356], [1.407567027156246e-05, -2.931632890053065e-05, 0.9978929404279906]], "4-B02": [[1.0085861710404918, 0.009710504717468415, -68.24270934331958], [-0.021739559508405674, 0.9889604365800648, 66.29680027755849], [1.4314213526471161e-05, -2.8045900855718198e-05, 0.9973247989704692]], "5-B02": [[1.0085938978709166, 0.010062886517997827, -68.49983227837421], [-0.021801181706334057, 0.9891585328452047, 65.07888576344794], [1.4328153919585438e-05, -2.7572122219447554e-05, 0.9969225833024012]], "6-B02": [[1.0085589632373726, 0.009315714141847006, -67.5580511452587], [-0.021264920937555415, 0.9890952400902965, 64.4863354489919], [1.4235794793088724e-05, -2.7816654130659357e-05, 0.9971894740189412]], "0-B03": [[1.0077476487839618, 0.020167784186479586, -106.88735801309755], [-0.014425411640701165, 1.0003422557851087, 9.988257603310371], [1.3470988922886854e-05, 1.4754441410900904e-06, 0.9893230169294822]], "1-B03": [[1.0079078839109796, 0.02067301041001362, -107.4712732571114], [-0.0142505829403774, 1.0007092504767598, 7.106038407819021], [1.3737727332718124e-05, 2.507206109932139e-06, 0.9885524543773319]], "2-B03": [[1.007980398924183, 0.020756843741392382, -107.53393319105312], [-0.01403987540596822, 1.0008695579458118, 5.905107431774653], [1.3852834170772627e-05, 2.952977847686739e-06, 0.9883627237609269]], "3-B03": [[1.00825818550223, 0.0196048980911105, -107.87851802933872], [-0.013358150478095916, 1.0004951330507512, 6.90396904742179], [1.431004983411183e-05, 1.8704131628920818e-06, 0.9882589875097219]], "4-B03": [[1.0082336348343097, 0.020287227610565447, -108.21549020439578], [-0.013588177720992004, 1.0007766689597473, 5.387043143794039], [1.4274937852177445e-05, 2.678073757602619e-06, 0.9877868538076606]], "5-B03": [[1.0083879382774878, 0.020471408106938187, -108.39061167532407], [-0.013410251940504343, 1.000946389236103, 4.0743601997482966], [1.4531998554852925e-05, 3.157958440102035e-06, 0.9876940250169857]], "6-B03": [[1.0082283027088192, 0.020892006658838773, -108.25199409929854], [-0.013665921182780793, 1.0011061762468516, 2.4150866233556534], [1.4259428693418893e-05, 3.628549590073147e-06, 0.9872158302816614]], "0-B04": [[1.005788969603944, 0.03183219895361813, -139.99736023350084], [-0.026584969479495343, 1.0002591346974603, 18.450808461437983], [1.1297040012517204e-05, 2.043687199663619e-06, 0.9954068354793251]], "1-B04": [[1.0057931695090951, 0.03248914212592566, -140.5673574341232], [-0.02656491456375785, 1.000701301143642, 15.435625977182642], [1.1304051585265838e-05, 3.294840893540302e-06, 0.9945589689213219]], "2-B04": [[1.0059233833770638, 0.031204716190352946, -140.48522266912792], [-0.02574691851657393, 1.0003780804702627, 16.46155171784958], [1.1499481561202349e-05, 2.3171311911686358e-06, 0.9945916474244126]], "3-B04": [[1.006152218459822, 0.03173903247065099, -141.3712009260702], [-0.025801896609328964, 1.000587613407804, 14.83079238329401], [1.1925687488713597e-05, 2.930966536720011e-06, 0.9940158472903179]], "4-B04": [[1.0063328133893543, 0.03257034990340452, -141.97745643011544], [-0.026110861833083643, 1.0008339536944373, 13.333706674287575], [1.2273203323465221e-05, 3.671776886278113e-06, 0.993622487510919]], "5-B04": [[1.005538572090143, 0.03430226057714683, -140.97691162417024], [-0.026884956251493425, 1.0017585325336358, 10.299785408263633], [1.0849374866124111e-05, 6.320979794928438e-06, 0.9931140508049383]], "6-B04": [[1.0062310217816897, 0.03216985656324647, -141.1272481929736], [-0.025577957535246925, 1.0009936287373835, 11.26278092321797], [1.204447730487168e-05, 4.08393253435973e-06, 0.993563251454328]], "0-B05": [[1.000529256502234, 0.041205068277403195, -166.83323176097232], [-0.023597139890180203, 1.0105540524705257, -39.65049810507631], [1.5716910204341871e-06, 3.257981977325146e-05, 0.9854196530143581]], "1-B05": [[1.0007345365876823, 0.041979958289231366, -167.79314176261022], [-0.02369138901071434, 1.0108606407547327, -41.80589633044245], [1.975829574807118e-06, 3.363911246876771e-05, 0.9847586341803887]], "2-B05": [[1.0007230660413446, 0.04078695277817281, -167.1825238909653], [-0.022577688597542438, 1.0108253562208491, -43.32469664566945], [1.9006861011597565e-06, 3.352397179117125e-05, 0.9844170204925637]], "3-B05": [[1.0009789199640162, 0.04088768917630579, -168.1271906838844], [-0.022778224723516028, 1.0106672624689477, -42.2316208144309], [2.4085038141128413e-06, 3.3028633519160637e-05, 0.9843254467386441]], "4-B05": [[1.001209688339271, 0.040891663091751344, -168.38916680893567], [-0.0222511496891075, 1.0108790634215388, -44.55289759298943], [2.8315453531939566e-06, 3.376979140697876e-05, 0.9837996665537768]], "5-B05": [[1.0012132474145956, 0.04250117163397467, -169.45858817605856], [-0.02320160283735426, 1.0112155012067354, -46.71299298146496], [2.8833622836996105e-06, 3.501680625415077e-05, 0.9829942456959581]], "6-B05": [[1.001002510867329, 0.041258049273751304, -167.95201623716417], [-0.022455109121913702, 1.0110012300475912, -46.736412631262084], [2.436467253883385e-06, 3.4315099080649324e-05, 0.9834101802832099]], "0-G01": [[1.0187727665784314, -0.021140471256717967, -15.679625108231562], [-0.01117950072558487, 0.9733556718502304, 127.85336954031388], [2.7735221209846483e-05, -6.389120556431098e-05, 0.9999188109058278]], "1-G01": [[1.0187645850821339, -0.020832795515440393, -15.855706346318483], [-0.01108208119318138, 0.9736828162616336, 126.1386645298081], [2.7715336515022938e-05, -6.324369880177182e-05, 0.9994777925124093]], "2-G01": [[1.0188725174822335, -0.02065932619667575, -16.265852535091582], [-0.011166040506580972, 0.9737097917808614, 125.87444352693083], [2.7882277604920962e-05, -6.321365149326791e-05, 0.9993270389959822]],