{"0-B01": [[0.9993672547526177, 0.0002110916788056935, 1.070901484201113], [-5.5130310837119596e-05, 1.0002609301996284, -0.8699988897657347], [-9.431452757761905e-07, 7.336997583200861e-07, 1.0006602096210806]], "1-B01": [[0.9997958522471732, 0.0003707213199515402, 0.010424596668404285], [-1.281979137928681e-06, 1.0002534691269647, -0.9190296671361639], [-3.043839474933445e-07, 7.126973143302393e-07, 1.0002425195964102]], "2-B01": [[0.9998574704046805, 0.00072002393846954, -0.03907184254175305], [2.4448953572205844e-05, 1.0004344450895521, -1.7587884639670612], [-2.124619422558168e-07, 1.2227183547908264e-06, 1.000058598911384]], "3-B01": [[1.000000001085645, -5.437971350227718e-11, 2.4602344497121067e-08], [-1.7240846855289918e-10, 1.0000000001708385, 7.628326616917306e-07], [3.6534887369705325e-14, 1.9600344695264935e-13, 1.0000000009359968]], "4-B01": [[0.9999184015364341, 0.0003746780418701234, 0.06967864679310297], [7.349446772987483e-06, 1.000225260637412, -1.179798499124743], [-1.2154772820759175e-07, 6.336562047474527e-07, 0.9996618271500842]], "5-B01": [[0.9996399590957099, 0.0008933929674481262, 1.075195600005887], [-0.000118867914938931, 1.0005086199246607, -3.059657945044521], [-5.35720794846385e-07, 1.4352277969760442e-06, 0.9994767106817448]], "6-B01": [[0.999249291000449, 0.001104084648633229, 2.0678287191705627], [-0.00028242090657747305, 1.0006401113703527, -4.010356231619307], [-1.1161573455728918e-06, 1.80925908439355e-06, 0.999426716116]], "0-B02": [[1.0078083266169442, 0.00842481163164357, -66.30052266446695], [-0.021266831471136914, 0.9887443610000518, 67.65076616644411], [1.3037483310998005e-05, -2.860163277425105e-05, 0.9986889480554668]], "1-B02": [[1.0081332081363752, 0.008505867699272432, -67.29272052262901], [-0.02146363714016306, 0.9885200688547126, 68.62136402667134], [1.3578443866177292e-05, -2.9134921661152196e-05, 0.9983449377834462]], "2-B02": [[1.0081727452156897, 0.009010062948785159, -67.5279324157757], [-0.02154222901351393, 0.9887847340833855, 67.41605466792666], [1.3644283340851697e-05, -2.847885572838746e-05, 0.9980236681587538]], "3-B02": [[1.0082278577593333, 0.008358827410505809, -67.30869521057546], [-0.02171948589896474, 0.9882174649727712, 69.84812517539712], [1.3736161504343094e-05, -2.9870366139999176e-05, 0.9981307397888767]], "4-B02": [[1.0081946813837475, 0.008820082582988362, -67.3387607564653], [-0.021675653853583242, 0.9885801550026619, 67.96130615797892], [1.3675042662020433e-05, -2.8995646808378754e-05, 0.9976563727757619]], "5-B02": [[1.0079308472743065, 0.009069336928400042, -66.30002503405954], [-0.021684365943801305, 0.9888737314012445, 66.44544231322433], [1.3232187302034642e-05, -2.8294658840374947e-05, 0.9975980690128834]], "6-B02": [[1.0076843580437806, 0.009318878187613299, -65.3765433463459], [-0.021880766717181515, 0.9890343474986152, 65.42477275588435], [1.2828726420709612e-05, -2.7924820085800306e-05, 0.9976609508410741]], "0-B03": [[1.0073732325458251, 0.019307578136464176, -105.56429527961556], [-0.012994292979065123, 1.0008870310168834, 4.874430477331197], [1.2780604911591242e-05, 2.9321558104743758e-06, 0.9895114264514738]], "1-B03": [[1.007567195664462, 0.01863256520282373, -106.14793497004796], [-0.012536631073496406, 1.0006906441969767, 5.487905895737373], [1.3105415237465883e-05, 2.3595075506133223e-06, 0.9891983150503256]], "2-B03": [[1.0078850375446973, 0.01953287201031481, -107.48227501688498], [-0.012976240264521093, 1.0008397889098664, 4.6176518360638354], [1.3667896711628445e-05, 2.8152941891169007e-06, 0.9884186274912031]], "3-B03": [[1.0079100894516253, 0.01943235680792379, -107.60119285595142], [-0.013170344997301828, 1.0006456267385073, 5.5140552477353], [1.3714855127697647e-05, 2.2768818697693714e-06, 0.9882461623962534]], "4-B03": [[1.0078718897001142, 0.01959621972926702, -107.18801072944729], [-0.013220392581787787, 1.0007302689444688, 5.088600583234541], [1.3641658814870656e-05, 2.51778719418511e-06, 0.9882111172977147]], "5-B03": [[1.0078365809679997, 0.019577136204800442, -106.82457992651828], [-0.013146105055153455, 1.0007812088799475, 4.673344372145529], [1.3569439737609553e-05, 2.657216426971143e-06, 0.9880043768110431]], "6-B03": [[1.007575507349442, 0.020143375436598526, -105.76604186614894], [-0.013268626881384105, 1.0011520979265554, 2.3205118170225263], [1.3107066284684642e-05, 3.7133220169066136e-06, 0.9877884056447813]], "0-B04": [[1.005405859453415, 0.030146501738874995, -138.93788773769603], [-0.02501482375844528, 1.000431544076315, 15.341843229649559], [1.0514476291386164e-05, 2.3822767890744843e-06, 0.9958579471481704]], "1-B04": [[1.005507385989711, 0.030899552039149077, -139.6381176593509], [-0.025404562152808233, 1.0006029367070561, 15.01088666478052], [1.072218131728187e-05, 2.9027298810723367e-06, 0.9952223854131328]], "2-B04": [[1.0055582396081602, 0.031080833667272403, -140.11969405475645], [-0.02570275771435517, 1.0004924938107476, 15.286156328968135], [1.083177590888235e-05, 2.6198443148472273e-06, 0.9947058086755496]], "3-B04": [[1.0056675821188932, 0.03109660640411301, -140.18594559019292], [-0.02585063590670351, 1.0003506481724642, 16.333043343401894], [1.1039603736457094e-05, 2.2362815731109817e-06, 0.9948548765088148]], "4-B04": [[1.0055720563624138, 0.03129861169029802, -139.451597673143], [-0.025619136675738372, 1.0006883296988853, 14.043858723813607], [1.083674332801639e-05, 3.169594335228868e-06, 0.994492707403383]], "5-B04": [[1.0054498126529816, 0.03172216837204223, -139.23164074991104], [-0.025699811761086735, 1.0009600905466427, 12.6125571773285], [1.0611276576999105e-05, 3.942813058749704e-06, 0.9941412324061265]], "6-B04": [[1.005276306230511, 0.032402130501865856, -138.55357337315198], [-0.025923760296293636, 1.0013189652088552, 10.974953832705273], [1.029311180367998e-05, 4.9761970837668575e-06, 0.9939367813222797]], "0-B05": [[1.0003066844430992, 0.040010154910587514, -165.68381797095657], [-0.022161287173051235, 1.010778472208577, -43.601616093872074], [1.0737942004791427e-06, 3.337177855849217e-05, 0.9856986910647114]], "1-B05": [[1.0004718843183438, 0.04114721267330019, -167.41910514202954], [-0.02298953658112008, 1.010883632517745, -43.737565790359035], [1.4332415684561399e-06, 3.3763468739326266e-05, 0.9846155179933537]], "2-B05": [[1.000751981319548, 0.0401261491552592, -167.51118972153958], [-0.021918242681609985, 1.010829896618747, -44.28336229396599], [1.929555565981356e-06, 3.354530790791149e-05, 0.984456998623668]], "3-B05": [[1.000680562001284, 0.040525943880385246, -168.0032785784386], [-0.02237118671131003, 1.010805604721391, -44.447039938217806], [1.811357041550995e-06, 3.352724532938408e-05, 0.9839131329341558]], "4-B05": [[1.0008684762792874, 0.04070723347635494, -167.9115445221759], [-0.022522967899600985, 1.0107465412919565, -43.52712829270347], [2.1818660530595407e-06, 3.33174603265634e-05, 0.9840511343527937]], "5-B05": [[1.000558851072601, 0.04066888219944347, -166.92420928922925], [-0.022477572161466224, 1.0108543762891817, -44.6755298297939], [1.5766387344779373e-06, 3.368779118152986e-05, 0.9839191651631852]], "6-B05": [[1.0004670236094382, 0.040768408790129725, -166.21612616161232], [-0.022196691558648507, 1.0110897173189384, -46.90544164178261], [1.384243914071648e-06, 3.4503603977017554e-05, 0.9836429155466457]], "0-G01": [[1.0181187315945297, -0.02158997641532888, -14.638115644765428], [-0.011006959475399944, 0.9735692426365181, 125.69762814229436], [2.6772111264357578e-05, -6.367043932731095e-05, 1.0003606705146224]], "1-G01": [[1.0184609119423578, -0.02169106786619425, -15.147020917579928], [-0.010729727454609088, 0.9735323982271088, 125.90194537248752], [2.7268086824364e-05, -6.372002586202889e-05, 1.0001794871169363]], "2-G01": [[1.0186566877822782, -0.021154634519654263, -15.986968065183305], [-0.01082057186731323, 0.9737527152217546, 124.96871408988508], [2.7562728058491633e-05, -6.32375970209247e-05, 0.9995322386783538]],