{"0-B01": [[1.0007553228922461, 0.0041294813906354935, -1.6689974527527052], [-0.003640246144392894, 1.0000309133727696, 2.371525630957168], [1.1357167522363726e-06, 1.0989411365094431e-07, 0.9993947244827757]], "1-B01": [[1.000243049545611, 0.003569959319250485, -0.7923243281229075], [-0.002380699148871943, 1.000552064844039, -1.3656703688724496], [3.6638741831824763e-07, 1.5662040886550844e-06, 0.9993420747025185]], "2-B01": [[1.0002224683649594, 0.002457257122944471, -0.5757514458237255], [-0.001827044393662232, 1.0002659752468466, 0.10913685821236505], [3.3400047323433116e-07, 7.534223649057073e-07, 0.9996731943459132]], "3-B01": [[0.999999999134545, 5.753842443446325e-10, 2.2566951786820147e-07], [3.9482921535811e-10, 0.9999999995428726, 2.714189706114814e-07], [2.059426495094684e-13, 3.76950321013321e-13, 0.99999999895788]], "4-B01": [[0.9999570600014678, -0.0009799525078307049, -0.15098272712643784], [0.000785248226898247, 0.9999094624612452, -0.12426451929362181], [-6.35369729542142e-08, -2.5326146840687605e-07, 0.9999542571269535]], "5-B01": [[1.0002936016637738, -0.004925120812947152, -0.7353100316748122], [0.0029509422658209575, 0.9988564904297206, 3.9103913785783186], [4.443952767945345e-07, -3.175629077481175e-06, 1.000473628546638]], "6-B01": [[1.0006111803933768, -0.006593040144527285, -1.709627556418773], [0.004282949980722899, 0.9985779279390314, 4.150252102523769], [9.257921972962106e-07, -3.936251141546968e-06, 1.0002908878484178]], "0-B02": [[1.0104486617511206, 0.012698871151465518, -74.47682594612964], [-0.02540117466119701, 0.9874856612110703, 75.36608590797697], [1.7551719960423027e-05, -3.12533448912461e-05, 0.9956165330062167]], "1-B02": [[1.0100464190715857, 0.011341629785524797, -73.38975939945614], [-0.024166738374638678, 0.9876408603148249, 73.82973410940005], [1.6841453428521997e-05, -3.101208917170365e-05, 0.9962147877191568]], "2-B02": [[1.0099443032989486, 0.011166774488495781, -73.20053183536683], [-0.023530892565059417, 0.988045551109285, 71.16392945154846], [1.6644773963343957e-05, -3.0118968642405013e-05, 0.9960683941499016]], "3-B02": [[1.0096721225162353, 0.00884606780876001, -72.47286622950226], [-0.022009162460428295, 0.9876734452184369, 72.05964827074152], [1.6143077710166736e-05, -3.1137096477307836e-05, 0.9964874343503981]], "4-B02": [[1.0096450285983114, 0.008081167594705735, -72.61361732528427], [-0.021249442659760608, 0.9876981958350036, 71.56625915771843], [1.6074814439514953e-05, -3.1122189283324445e-05, 0.9964136186165453]], "5-B02": [[1.0098334120833452, 0.004746729037721572, -72.97560596323852], [-0.019096484722930684, 0.9868778079198521, 73.81647132912573], [1.631597106434149e-05, -3.3253396898214335e-05, 0.996627545326833]], "6-B02": [[1.009904388012774, 0.0028721651383169307, -73.29846735532017], [-0.018005038926280477, 0.9863415798707885, 75.31272180904597], [1.6406567097928613e-05, -3.462692333557496e-05, 0.9967824752588482]], "0-B03": [[1.011322556083112, 0.024117255366954197, -119.50960731918158], [-0.01593168538973985, 1.0003938590752983, 8.675661432516218], [1.9768410588590245e-05, 1.8492805648174048e-06, 0.9839726225770878]], "1-B03": [[1.011060996800163, 0.023458544344853394, -118.99231418063154], [-0.01475900243782924, 1.0008592591719012, 5.033671910905281], [1.928240702196968e-05, 3.084259132137504e-06, 0.9840185572461335]], "2-B03": [[1.0106860091755865, 0.0224269283925514, -117.95309303097771], [-0.014270396815544031, 1.000687876663032, 5.358043934656776], [1.8613559579437626e-05, 2.5551968687310815e-06, 0.9842461270480017]], "3-B03": [[1.010710754836666, 0.020162010789604796, -117.75075868782129], [-0.012388361161271207, 1.0004928853963584, 5.229253562532731], [1.861244053350954e-05, 1.897183746369237e-06, 0.984553148174154]], "4-B03": [[1.0107044108656478, 0.018906795057343457, -117.83873929416218], [-0.011375010650223543, 1.0003711950019152, 5.060830108129452], [1.8584511704173388e-05, 1.5005245051535005e-06, 0.9845591110215874]], "5-B03": [[1.0108260080247367, 0.015234164381574874, -117.84579316978737], [-0.009271233361459349, 0.999386143321755, 8.603065992593816], [1.8767191000289588e-05, -1.358275256880801e-06, 0.9852965385706975]], "6-B03": [[1.0111785117697112, 0.013518851183441994, -118.84407751573944], [-0.007864369111251004, 0.9990701406345233, 9.54912900801691], [1.9367779744856634e-05, -2.286021622194038e-06, 0.9851706634246363]], "0-B04": [[1.0099988754737022, 0.03575498747076802, -156.8702164923619], [-0.027600509647055228, 1.0001815645591203, 17.51231458953702], [1.9290437825287e-05, 2.1854195066622964e-06, 0.9883508032617451]], "1-B04": [[1.009785391022533, 0.034757279282014844, -156.0500726861936], [-0.02630418785404753, 1.0005474379918995, 14.66513780042994], [1.8820485810533084e-05, 3.0832870667881176e-06, 0.9887747683440352]], "2-B04": [[1.0092459388893986, 0.03418540164685828, -154.81259014346838], [-0.02604793719693292, 1.000602739761123, 13.734696137663834], [1.7797885157260435e-05, 3.185317943028267e-06, 0.9889280307618259]], "3-B04": [[1.009159111346066, 0.03152001054923165, -154.06866294406143], [-0.02416796317399061, 1.0002128774594687, 14.422535753057353], [1.754574444858305e-05, 1.9060974668532766e-06, 0.9896458381017661]], "4-B04": [[1.0092411048294403, 0.030407445990733188, -154.31244070870522], [-0.02313291441876124, 1.0001699645749886, 13.858099111769086], [1.7654615014346617e-05, 1.7008843542671121e-06, 0.9895280385564728]], "5-B04": [[1.0093423315680006, 0.026896715331546528, -154.2371038249912], [-0.021040235107499798, 0.999259285776649, 17.22301668932366], [1.7765279663140306e-05, -1.0220485392581821e-06, 0.990188845425389]], "6-B04": [[1.0095605888601835, 0.0251672012713912, -155.0169933174685], [-0.019834790070414873, 0.9988463717121427, 18.448283244211016], [1.814061452558948e-05, -2.2529700101915405e-06, 0.9902013845737891]], "0-B05": [[1.0054147613118294, 0.04667589890812362, -187.5455218006551], [-0.024738886509512323, 1.0111956116635, -44.23901684675654], [1.1279365691645334e-05, 3.513961825135768e-05, 0.9767547036799374]], "1-B05": [[1.0051882234152485, 0.04556866782199538, -186.54323504967272], [-0.023592931992974676, 1.0113527711809578, -45.966286196775755], [1.0771553717105727e-05, 3.556690647086826e-05, 0.9771448310900983]], "2-B05": [[1.0050836672724224, 0.044601567160726406, -186.30290149899915], [-0.02243661495920803, 1.0115301877856961, -48.8074728333315], [1.0511854588307089e-05, 3.616230262803641e-05, 0.9770224416269497]], "3-B05": [[1.0047005248012486, 0.043067128692777644, -184.91601640728254], [-0.02167064580310584, 1.0112634777419702, -47.50049122530644], [9.721021377824585e-06, 3.517223019834037e-05, 0.9778662713543896]], "4-B05": [[1.004649745904727, 0.04187166987044217, -184.55780309999358], [-0.02054283694124807, 1.0112842189402897, -48.41425027420664], [9.570959388328e-06, 3.516035142224456e-05, 0.9778845510673564]], "5-B05": [[1.0047296659381213, 0.038961584927509105, -184.77030666274655], [-0.01873461975960415, 1.0106681466187146, -46.110175340888745], [9.667855554802484e-06, 3.3008198860690996e-05, 0.9783130857712273]], "6-B05": [[1.0047777715027462, 0.037423195888264815, -184.76719786015485], [-0.017899026406369964, 1.0102508450677903, -44.53734791336116], [9.735776042368585e-06, 3.16125318917088e-05, 0.9786267163417104]], "0-G01": [[1.019495869473167, -0.019724066017523592, -15.200236792302059], [-0.014762265009550439, 0.971599451528172, 135.98453650688637], [2.883584295436312e-05, -6.75740244183448e-05, 1.0000793347779626]], "1-G01": [[1.0192583712723313, -0.02077285206704066, -14.75449275865684], [-0.01365696965732933, 0.9717588119486423, 134.79851174724837], [2.846251537357869e-05, -6.730067883021213e-05, 1.0004391260961947]], "2-G01": [[1.0190139779059308, -0.020896684336646452, -14.289451270746524], [-0.0131504394240549, 0.9721583154281531, 132.92623821221815], [2.8088896503671334e-05, -6.650103557985453e-05, 1.0006211679270771]],