{"0-B01": [[1.0009392911587878, -0.0009918526510018612, -3.2775326212315368], [0.0027126477582170272, 1.0006465673666673, -6.399057148863638], [1.406865307808704e-06, 1.837348614676946e-06, 0.9983127497853366]], "1-B01": [[1.0006878893732782, -0.0006609771390004251, -2.425514371060504], [0.002190386908094692, 1.0006163722377288, -5.419207946893023], [1.0294916277031041e-06, 1.7471372925979398e-06, 0.9986971328616225]], "2-B01": [[1.0002258614271893, -0.00020322423466772916, -0.7921012721597328], [0.000805851734202506, 1.0002564676535666, -2.082710970392723], [3.3710209163721e-07, 7.228108737624366e-07, 0.9995204005485693]], "3-B01": [[1.0000000022315583, 1.2420171162189507e-10, -1.565868733127293e-07], [-1.942648030981059e-10, 1.000000000424438, 1.5642972207576583e-06], [5.462651345244816e-14, 5.04372682847499e-13, 1.0000000017822641]], "4-B01": [[0.9996372280242132, 0.0001919175647181445, 1.5920686788503708], [-0.0011804916083758552, 0.9995743006782647, 3.95882770040741], [-5.391413931868009e-07, -1.1880355217742109e-06, 1.0009523541307797]], "5-B01": [[0.999107277877835, -2.510799320340033e-05, 3.2368748747882856], [-0.0019768129067139423, 0.9991824353924852, 6.4195525599186745], [-1.3259182558121357e-06, -2.275913574381015e-06, 1.001966232239989]], "6-B01": [[0.9985456790290883, -0.0006679243742315284, 5.406849900170384], [-0.0030430129486166252, 0.9984230784437154, 11.046093671676674], [-2.1565122173632736e-06, -4.366766415031927e-06, 1.0033924141318202]], "0-B02": [[1.009147939223903, 0.007618808696835129, -70.88789356989462], [-0.019123151242314083, 0.989167443209511, 62.63995434826338], [1.516273369369118e-05, -2.7765045299195316e-05, 0.9962324667301266]], "1-B02": [[1.0089060957081215, 0.007624295265393882, -69.83140478787065], [-0.01958900209707178, 0.9889527555216324, 64.11292360364875], [1.4777898234331171e-05, -2.8265081514866395e-05, 0.9968393101851253]], "2-B02": [[1.0084862153689198, 0.008110984592090935, -68.13293441000778], [-0.020859725362035716, 0.9885585109250276, 67.3358929621532], [1.4126872017203123e-05, -2.9118990114866134e-05, 0.997632498796889]], "3-B02": [[1.0082420991023253, 0.008639825263631194, -67.31246152246129], [-0.02167722601735999, 0.9884328624064757, 68.8059989128378], [1.3755241268436553e-05, -2.934968975006183e-05, 0.9980130855972704]], "4-B02": [[1.0076817724811735, 0.008677907208123099, -65.26028053551768], [-0.02301448540055513, 0.9877471609709165, 73.37318934769893], [1.2886536307680042e-05, -3.089997235067046e-05, 0.9991128279917211]], "5-B02": [[1.007406164453878, 0.00855540394264617, -64.17238114912506], [-0.02360125078150851, 0.9873800124649919, 75.38315318682642], [1.245792521988039e-05, -3.176486981230461e-05, 0.9997807188009914]], "6-B02": [[1.0073997416783191, 0.008424696172898325, -63.164996864470076], [-0.02426834547758364, 0.9868003382650623, 79.26389233668941], [1.2463679880449122e-05, -3.304270326444918e-05, 1.0004033245739654]], "0-B03": [[1.0086696857488242, 0.017793427521185273, -110.23288169728266], [-0.010594140137582916, 1.0010005551610075, -0.15590619872437017], [1.498136571458801e-05, 3.1988169567232063e-06, 0.9869352736840061]], "1-B03": [[1.008593636925017, 0.018523643881409473, -109.77226708692423], [-0.011226273477710132, 1.0010695956247593, 0.9391439996401432], [1.4857448909911753e-05, 3.4147107979712497e-06, 0.9871647279113968]], "2-B03": [[1.0081995250931695, 0.019116634396348683, -108.25168147680043], [-0.012331226024329118, 1.0008771569735258, 3.6282223205025312], [1.4190788556309293e-05, 2.9005994495137956e-06, 0.9877844229305036]], "3-B03": [[1.0078681887696657, 0.019254443149987206, -106.95630242551661], [-0.013145129526862713, 1.000571439789298, 5.784227015266807], [1.3634528467997467e-05, 2.0653835252059607e-06, 0.9886382576592535]], "4-B03": [[1.007449231043162, 0.01998087608049104, -105.43502707135951], [-0.014919847926118278, 1.0000373547271484, 10.547930148976553], [1.2954259124139994e-05, 6.407594132148484e-07, 0.9896617355694123]], "5-B03": [[1.0073757422917244, 0.019800603101979217, -104.72708515133243], [-0.015085493472519095, 0.9998469063226033, 12.005706857531846], [1.2824824266590009e-05, 1.147118370289632e-07, 0.9900239681159787]], "6-B03": [[1.0071817812932533, 0.019277303792674255, -103.81732690072963], [-0.015288926755179268, 0.9994686808707322, 14.044491048056916], [1.2492247479086188e-05, -9.336832355738185e-07, 0.9905365032473391]], "0-B04": [[1.0064147237017034, 0.029735126452368685, -143.3147427689243], [-0.023242430591260948, 1.000946654862614, 9.316799557328078], [1.2311260398219456e-05, 3.771636121038822e-06, 0.9928486379311939]], "1-B04": [[1.0062784261525914, 0.03055794970031005, -142.7497889949546], [-0.024016636413470897, 1.001002807813208, 10.366573836434478], [1.2090849821942417e-05, 3.9800921728898126e-06, 0.9932081391950021]], "2-B04": [[1.0057816442256058, 0.031006303895806057, -140.77522892847625], [-0.025244759011946127, 1.0006636266903919, 13.72326419704553], [1.1221243565684186e-05, 3.081335551858139e-06, 0.9942476131334087]], "3-B04": [[1.0055377616588543, 0.031245339564071287, -139.72859734093942], [-0.02590115192470726, 1.0004725722838503, 15.3787946500021], [1.0797626227393068e-05, 2.580032580087298e-06, 0.9948157888774497]], "4-B04": [[1.0052295991532552, 0.031951450182668706, -138.34515277574], [-0.027687729499604758, 0.9998232227444068, 20.584107670293655], [1.0316179744853922e-05, 8.868622274148621e-07, 0.9959551782236293]], "5-B04": [[1.005124940183941, 0.03175565145849275, -137.52076663408468], [-0.027804026291873396, 0.9996600854975648, 21.925267888069225], [1.012306446935403e-05, 4.3414768787180007e-07, 0.9964043809834787]], "6-B04": [[1.0048425280718225, 0.03126866059253906, -135.68352047071926], [-0.028408541088302527, 0.9990407983190979, 26.238679204844], [9.625471437493896e-06, -1.2484851214824665e-06, 0.9976258419731617]], "0-B05": [[1.0017476960779619, 0.03866524775408867, -171.78392014190575], [-0.018933653699578827, 1.0113578648448158, -53.215140357136995], [3.7536521745534286e-06, 3.549655505785395e-05, 0.9815260180597842]], "1-B05": [[1.0014944087373534, 0.03899163045789341, -170.3496699235899], [-0.02017231315126947, 1.0109080494786897, -48.50794228049163], [3.3052654551859e-06, 3.394997508335247e-05, 0.9827537627248951]], "2-B05": [[1.001146600206031, 0.039532199120388, -169.25524328435483], [-0.02089823932905376, 1.010922311336303, -47.4376059579336], [2.655771606139896e-06, 3.396099176758016e-05, 0.9831006208338954]], "3-B05": [[1.000730448250562, 0.03975788966780556, -167.32257941899326], [-0.02206761865468908, 1.0104936874255528, -43.6301334839593], [1.8934989870597452e-06, 3.256352584719248e-05, 0.9844252300555242]], "4-B05": [[1.0005567989894721, 0.040594665356760325, -166.8419507706925], [-0.022960590456569594, 1.0105200913979755, -42.19392985171632], [1.595037845789701e-06, 3.26136870526851e-05, 0.9846889975777032]], "5-B05": [[1.0002113874619991, 0.04107238994423376, -165.10256125571104], [-0.024441015652276202, 1.0100248638150473, -37.36183987710206], [9.91591706365974e-07, 3.100902122591722e-05, 0.9860405508113199]], "6-B05": [[1.0002481120872746, 0.04096483753026704, -164.95731529518528], [-0.02455206263593568, 1.0098869416532152, -35.99520845429272], [1.0679453534518953e-06, 3.0530728124657905e-05, 0.9862061426597755]], "0-G01": [[1.0201113178960541, -0.0226617483488646, -20.336945179295967], [-0.0072414983494289, 0.9747324395516445, 117.3451232245193], [2.9681013701961792e-05, -6.150033372520177e-05, 0.9974943159933093]], "1-G01": [[1.0194796751021642, -0.022190057244181514, -18.413172730174956], [-0.008732551752025444, 0.9742314420688604, 120.87016342668129], [2.8754892093520806e-05, -6.243057417667337e-05, 0.9983434170517854]], "2-G01": [[1.0193327603017102, -0.022363574681570693, -17.57936820299901], [-0.009382616108127292, 0.9737268587942776, 123.25930232083286], [2.8538432073379184e-05, -6.349846446613058e-05, 0.9988147611457854]],