{"0-B01": [[0.9959788297820998, -0.0038566444720621175, 14.95638668015571], [-0.0012407019569277541, 0.998424756477434, 11.23821164852836], [-5.941062888388994e-06, -4.350216168070748e-06, 1.0057174194550533]], "1-B01": [[0.9970459035387961, -0.0020195768081035068, 10.475636577119255], [-0.0013990650262736713, 0.9990173857877445, 7.359791967375136], [-4.37489484374695e-06, -2.7313133252403583e-06, 1.0037555154330022]], "2-B01": [[0.9979517831973661, -0.0018783765531975203, 7.55236016487157], [-0.0009819127769327299, 0.9990573335186993, 6.687636698624501], [-3.038818130847389e-06, -2.6227784996718773e-06, 1.0029770315341358]], "3-B01": [[1.0000000024913274, -4.579014637446463e-10, 1.9247263444546353e-09], [-1.2600927585722801e-10, 1.0000000000164218, 3.312768888890906e-08], [-2.5606958368992275e-14, -5.076315772796157e-13, 1.0000000025261027]], "4-B01": [[1.0010307067660367, 0.00027987662596761414, -4.36137071541439], [0.00035365916901395017, 1.0000454073510623, -1.0519870463147072], [1.5402603713861895e-06, 1.2779979732957893e-07, 0.9984719357374496]], "5-B01": [[1.003408711867272, 0.0006785844572632097, -12.816939896799312], [0.0020164733090993338, 1.0004700793350374, -5.28418661276409], [5.121780340122905e-06, 1.329826601085076e-06, 0.9956721811928799]], "6-B01": [[1.0044272022146783, 0.00121333811867358, -16.926582305871147], [0.0025049953512917924, 1.000726334803369, -7.43778114096555], [6.669148283296429e-06, 2.0605309701717236e-06, 0.9940745612256738]], "0-B02": [[1.0059984440267689, 0.003760288848749732, -57.44083560998037], [-0.022251124926615795, 0.9857315215941134, 83.26732695798536], [1.0079834354329224e-05, -3.5743946382501845e-05, 1.002416582578568]], "1-B02": [[1.0063725963366579, 0.004435513191947478, -59.261721468846076], [-0.022524261285409082, 0.9858315969773617, 82.42108473477614], [1.0706298264700741e-05, -3.551717158219784e-05, 1.0016113687122268]], "2-B02": [[1.0077085226539093, 0.005459371343290481, -64.48008773281681], [-0.021969819155990167, 0.9863160904088353, 79.0192132445227], [1.2883299872082654e-05, -3.4422434451338366e-05, 0.9996007055788798]], "3-B02": [[1.0085131835036558, 0.006013998439692857, -67.66915875602392], [-0.02166601391193918, 0.9865242584081602, 77.71247024394553], [1.4206898341362012e-05, -3.3929196379814286e-05, 0.9986212037184659]], "4-B02": [[1.010508117904033, 0.008293363390836542, -76.40629823768802], [-0.020807902716751047, 0.987747967724883, 70.5762840689565], [1.75076900678707e-05, -3.102050947088223e-05, 0.994887828613298]], "5-B02": [[1.0115207128233301, 0.0086426520785622, -80.54601399440311], [-0.020200983625089, 0.9879299522867979, 69.14175373765781], [1.9192323491185874e-05, -3.058972276704787e-05, 0.9934627639486067]], "6-B02": [[1.0136760741654036, 0.009590671190259739, -89.6684194972722], [-0.018662525545541948, 0.9886490700353624, 63.994227785960646], [2.280024722918709e-05, -2.88971090956217e-05, 0.989900212244231]], "0-B03": [[1.007520660210779, 0.016791467226501752, -103.71691144369869], [-0.013585488502163016, 0.9988874186669324, 16.53139950892266], [1.3018559168394494e-05, -2.6167064627211035e-06, 0.9906153695129402]], "1-B03": [[1.0080989138577372, 0.017863048058702757, -106.04521510004076], [-0.013383102431807337, 0.9994563952586785, 13.409557891941954], [1.401958821173938e-05, -1.0382795656625061e-06, 0.9894962277063393]], "2-B03": [[1.0093963482983384, 0.01808141352401367, -111.79796466041064], [-0.01279531594630425, 0.9994534393867271, 11.903278976291746], [1.6294193673782995e-05, -1.0380616563515268e-06, 0.9873401021643538]], "3-B03": [[1.0103874665052197, 0.019281366929746777, -116.19352483577694], [-0.01224041041485136, 1.0001669970980445, 7.286213235886195], [1.8035596619673268e-05, 9.588526823695003e-07, 0.9853899369462763]], "4-B03": [[1.0121702867365485, 0.020272341471678022, -124.7680906291976], [-0.011366171892045576, 1.000635477646573, 2.8974518059946193], [2.1217113895674725e-05, 2.298439191146679e-06, 0.9816687216036115]], "5-B03": [[1.0133636472681247, 0.020603522437622136, -129.33277864670825], [-0.01075933586196321, 1.000752784334392, 1.7608263386078469], [2.3347548403970166e-05, 2.640473505382767e-06, 0.9802513794818343]], "6-B03": [[1.0152310842515397, 0.020538490785895255, -137.95215802892162], [-0.008988557757246229, 1.001109572205755, -2.596630974238794], [2.6728100599803965e-05, 3.6355281218782093e-06, 0.9767642198164054]], "0-B04": [[1.006271386741554, 0.02739841924720829, -139.0592732228215], [-0.024575752820735323, 0.9985265434903755, 26.343083888598205], [1.2069402298819458e-05, -2.9164811714042667e-06, 0.9964104021880553]], "1-B04": [[1.0068041513651318, 0.02901888800620125, -141.9074466114248], [-0.025104263368874162, 0.9989827447160586, 23.850928537719824], [1.3100007892601784e-05, -1.5886793173246344e-06, 0.9951967340254367]], "2-B04": [[1.0074440062580465, 0.02916022308308868, -145.02916287119353], [-0.024490263851151526, 0.9992166270843477, 21.4020238042554], [1.427979612980821e-05, -9.590667150927608e-07, 0.993723100568342]], "3-B04": [[1.0091373392829985, 0.030140487060507773, -152.06543870106404], [-0.023621771451850872, 0.999690182555277, 17.990297646581965], [1.744784070987951e-05, 3.8379073655853214e-07, 0.9911107369750132]], "4-B04": [[1.0096570306323174, 0.03174451638528969, -156.21562201723268], [-0.023956119265980895, 1.000276791438948, 13.991765268972317], [1.8487763707917277e-05, 2.0970958714632323e-06, 0.9887590603893659]], "5-B04": [[1.0117266673405112, 0.03171729324447446, -165.32889184702344], [-0.02236998738637529, 1.000407483654889, 11.56343760761669], [2.2417704825439887e-05, 2.4534314052745733e-06, 0.9853288293672697]], "6-B04": [[1.0124440839541706, 0.03222246900738404, -168.97554069462845], [-0.021523036256527704, 1.0010143343205953, 7.113323321988414], [2.37845593959555e-05, 4.1585656354876464e-06, 0.9835192700091293]], "0-B05": [[1.001346539437665, 0.03914569080315922, -167.94743140247508], [-0.021932178930576127, 1.0100918686173377, -36.337097838063215], [3.0865977431282727e-06, 3.0874708936936306e-05, 0.9856821946210019]], "1-B05": [[1.0018858446055388, 0.039813970951827295, -170.6474010315247], [-0.022300986066178967, 1.010031872548372, -36.90419554741104], [4.160163092261045e-06, 3.081861146542516e-05, 0.9846370448897867]], "2-B05": [[1.0025598349226292, 0.040053301848477135, -173.1987419372675], [-0.02156704516670426, 1.0103588186630224, -40.107603150509306], [5.449651515846911e-06, 3.193595807190921e-05, 0.9834845453395776]], "3-B05": [[1.0038391158285342, 0.04003778351774481, -179.1383697412229], [-0.02078533139417453, 1.0103456330705662, -41.67763634126994], [7.950995958568948e-06, 3.197825590654368e-05, 0.9811061306032529]], "4-B05": [[1.004823283587552, 0.0421927283468014, -184.57853847459654], [-0.020980921319167404, 1.0111360815640833, -46.67212680745016], [9.929418230763242e-06, 3.467028229845624e-05, 0.9783624338109124]], "5-B05": [[1.0065259959470614, 0.041814035174809874, -193.08737162284334], [-0.019437963084214787, 1.0112196588706175, -50.257223358284584], [1.331218266409323e-05, 3.507824256223217e-05, 0.9746116869527912]], "6-B05": [[1.0073983784734224, 0.04237224560321502, -196.94973014748572], [-0.018947765938852397, 1.0115345586607005, -52.41185840958935], [1.5066046448686815e-05, 3.613591077957276e-05, 0.973038552373577]], "0-G01": [[1.0144160777929851, -0.030287792160394143, 1.378950368325299], [-0.011054056236345538, 0.9691848187100043, 144.47581495657738], [2.1110904443195623e-05, -7.264439736454804e-05, 1.0060226235009027]], "1-G01": [[1.0145855910725294, -0.03002107341709069, 0.660105517955919], [-0.01127781612921585, 0.9691718140939446, 144.16902764813364], [2.1372437621568477e-05, -7.275127332767288e-05, 1.0057839863611202]], "2-G01": [[1.0158099918551224, -0.027643842420639046, -4.072525178609528], [-0.011307761533393575, 0.9702334981287531, 139.78802086139785], [2.3219091034931e-05, -7.057596731204572e-05, 1.0039882738953996]],