{"0-B01": [[1.0029683881389995, 0.0011128810214020499, -10.5396745705066], [0.0031718491894398015, 1.0014354759659014, -10.053201543471786], [4.453292625182537e-06, 4.080589491226921e-06, 0.9955013123570051]], "1-B01": [[1.0021212467039153, 0.0008456524976392384, -7.973877889777625], [0.002217747407712268, 1.0010271250421678, -7.67590302720764], [3.1771181440838637e-06, 2.9131617467265983e-06, 0.9964774596911882]], "2-B01": [[1.0009023124403549, 0.0003399461554708552, -3.0460651150143114], [0.001023522583951225, 1.0004697891246859, -2.870672109052467], [1.3470183367553302e-06, 1.323405460542744e-06, 0.9986251359779897]], "3-B01": [[0.9999999991240238, 1.5005645872974234e-10, 3.8747843303489173e-07], [-3.134341636648026e-11, 0.9999999993918747, 6.169989491910459e-07], [-3.1908458396276204e-14, 2.53447534192916e-13, 0.9999999997703204]], "4-B01": [[0.9990571055179481, 0.0009375203891025544, 3.319755904286909], [-0.0018238481823227536, 0.9997920522137674, 2.5008368627229625], [-1.400181751168823e-06, -5.806782979383357e-07, 1.001389022730627]], "5-B01": [[0.9985346782564787, 0.0014851841120176036, 5.282389112770399], [-0.0026488601566612494, 0.9997897895440329, 3.484571949420686], [-2.1723522955476674e-06, -5.840267273945886e-07, 1.002204362867276]], "6-B01": [[0.9978585747220096, 0.0027074768535074495, 7.27017180742353], [-0.004689853899475395, 0.9995374543581053, 6.039253758925298], [-3.1639442652668622e-06, -1.276375375878908e-06, 1.0031441162400978]], "0-B02": [[1.013105187283309, 0.008912087658470463, -86.19679784241931], [-0.017616885529903627, 0.9891969362471942, 61.92890509273522], [2.1759198731253187e-05, -2.757729715660972e-05, 0.9909914436967657]], "1-B02": [[1.012319023256656, 0.009524135577379945, -83.56520763703692], [-0.01816801198025732, 0.98956333169478, 61.19034728369975], [2.0452038892700336e-05, -2.6621775036579807e-05, 0.9917032800381196]], "2-B02": [[1.0110065120459157, 0.00890171114075296, -78.18805895904843], [-0.019378984280730715, 0.9889145371443161, 65.04831030746327], [1.8281269910612036e-05, -2.8194841146436356e-05, 0.9938492142871985]], "3-B02": [[1.010325916339988, 0.007882699218259967, -75.49873637934509], [-0.01996068297780708, 0.9881535254559435, 68.54225233447852], [1.716548150969673e-05, -3.0076647602982072e-05, 0.9950483807813325]], "4-B02": [[1.0091541753315028, 0.007583200484167016, -70.69843350344365], [-0.021848704126821942, 0.9871598685306247, 74.53986531860238], [1.528489859010589e-05, -3.239461117061953e-05, 0.997413182112346]], "5-B02": [[1.0089197196900006, 0.008587368521796333, -69.45806804556868], [-0.0226603714836082, 0.9873690868841057, 74.48717249279102], [1.4920447453376574e-05, -3.1819133742220445e-05, 0.9979735330205779]], "6-B02": [[1.0079772086987009, 0.009856080474689477, -66.46530019171601], [-0.024567456261497447, 0.9873165121428811, 75.73524978250242], [1.3441298083779035e-05, -3.1857238227100166e-05, 0.9989008084069744]], "0-B03": [[1.0132845000344528, 0.020594961078618065, -129.0297590605372], [-0.008987467973757804, 1.0019271872798177, -4.975457233660657], [2.315190497932681e-05, 5.9021793869469206e-06, 0.9794252125486141]], "1-B03": [[1.0125116078716103, 0.020499946257535453, -126.06787819071734], [-0.009477523274059388, 1.0018589217088518, -4.117440775592106], [2.177428401460464e-05, 5.702845388730912e-06, 0.9804204046993338]], "2-B03": [[1.0113080294546435, 0.019879866325868814, -120.64358510751148], [-0.010854880311722626, 1.001067489605867, 1.2678073441457107], [1.9647619312506467e-05, 3.4656336150078443e-06, 0.9830872346435032]], "3-B03": [[1.0108241765154735, 0.0194454919611006, -118.41888454520135], [-0.011340491470705413, 1.0006771016466802, 3.8307743574411006], [1.8793633765849348e-05, 2.3652698733713883e-06, 0.984090094010332]], "4-B03": [[1.0098987164502164, 0.020236043414058717, -114.42892681668803], [-0.013424026788476906, 1.0001875140204917, 8.234751956562468], [1.7206373547393905e-05, 1.063975609620553e-06, 0.9863329777814263]], "5-B03": [[1.0094172632357625, 0.021051195590963863, -112.96869596801147], [-0.014433429065876609, 1.0002325487656527, 8.512528425279484], [1.6388783537246027e-05, 1.2310816954772477e-06, 0.9867837206732316]], "6-B03": [[1.008730141798078, 0.021702351067680706, -110.27160243986968], [-0.0160075920083692, 0.9998902323993777, 11.303780684627402], [1.5224429248478406e-05, 3.383320254616053e-07, 0.9879899648176164]], "0-B04": [[1.0119048926493943, 0.03131638195724537, -166.48738113209404], [-0.02005873904119769, 1.001692463665726, 3.880876742855718], [2.2659974900867927e-05, 5.941284596831795e-06, 0.9839342191097425]], "1-B04": [[1.0109265615149463, 0.03211036568504908, -163.12096644205948], [-0.0212828127131905, 1.0018078637928336, 4.043477379874176], [2.082965776079801e-05, 6.3203546373796446e-06, 0.9848831709432997]], "2-B04": [[1.009699598154642, 0.031258805001325274, -157.56630562809076], [-0.022383484433597292, 1.0010397793054002, 9.114229326678688], [1.8517821799300267e-05, 4.133570462233913e-06, 0.9875411245713575]], "3-B04": [[1.009319736274711, 0.030424861726204663, -154.96110427349197], [-0.02247724815179604, 1.0006018554882792, 11.686816935614242], [1.777886715931875e-05, 2.8719082378914493e-06, 0.98897972792883]], "4-B04": [[1.0084760286871957, 0.03139271845897349, -151.197195563577], [-0.024883047776595967, 0.9999334775025219, 17.206876313259738], [1.628671224882794e-05, 1.1390119397974671e-06, 0.991228525188219]], "5-B04": [[1.0081884862537216, 0.03220172602586367, -150.0079730604093], [-0.025607479006716498, 1.0000897241292466, 17.14097303064808], [1.5773693369401597e-05, 1.6255772326795512e-06, 0.9916729331563829]], "6-B04": [[1.007298722858625, 0.03319094861236191, -146.6932738099836], [-0.027445711268124683, 0.9998564259293424, 19.499044350683196], [1.4189854994896858e-05, 1.0836216733751052e-06, 0.9931135247251359]], "0-B05": [[1.0078630595867963, 0.03959564902676805, -198.2725293215345], [-0.014932959393954287, 1.0122254005354956, -59.41264884204725], [1.5846231585054665e-05, 3.8225083760936196e-05, 0.9711033398006004]], "1-B05": [[1.006911657252288, 0.0433748948629291, -196.40685421946282], [-0.01834238280143538, 1.0127321207008797, -58.94086963158816], [1.4063257168038439e-05, 3.998245104372323e-05, 0.9715751919010238]], "2-B05": [[1.0058026100160344, 0.04185950219540415, -190.57161942779348], [-0.01846687261857477, 1.012157757201215, -55.3519715957374], [1.1810439566669653e-05, 3.800288725765084e-05, 0.9743189290836175]], "3-B05": [[1.00507806523906, 0.04070920640941604, -186.80527937767465], [-0.018692139776365597, 1.011594152578635, -52.03295875743938], [1.035816811855383e-05, 3.612148551977515e-05, 0.9763122948640192]], "4-B05": [[1.0043312501717507, 0.041134271441248135, -183.02103390574726], [-0.0206202699227096, 1.010928504171991, -45.79864812328003], [8.938953152457633e-06, 3.392691860537239e-05, 0.97875347176091]], "5-B05": [[1.003979452640225, 0.041952167278787575, -181.33793454359278], [-0.021476394406816778, 1.0110060016306768, -45.42067048149022], [8.272170350305344e-06, 3.4220029713814675e-05, 0.9796860114848748]], "6-B05": [[1.0029699036413626, 0.04382499466730155, -177.94287975433227], [-0.023769120095073717, 1.0110576800346753, -44.00747355856438], [6.377411837593727e-06, 3.449126972095323e-05, 0.9809722327589396]], "0-G01": [[1.0222462003548907, -0.02286642217493702, -28.205729023050687], [-0.007269316118971703, 0.9733319240333741, 123.60654788019669], [3.30058766092197e-05, -6.430791778251345e-05, 0.9955669669900739]], "1-G01": [[1.0208377860671172, -0.022879678896049714, -23.30471858409246], [-0.007956803517374749, 0.9735381969664635, 123.4882624863524], [3.083846621463536e-05, -6.383243158221717e-05, 0.9969731974188333]], "2-G01": [[1.0200493194094964, -0.02301571499115557, -20.078011134490687], [-0.008873613338974538, 0.9731597989204068, 125.98861238759729], [2.9640667953486312e-05, -6.457449230443117e-05, 0.998431263635189]],