{"0-B01": [[0.9999287045084272, 0.0052966752782553205, -4.010328971419647], [-0.002816667182678328, 1.0013116002813367, -6.903302516801974], [-1.0074991134732203e-07, 3.747641903688219e-06, 0.998329499690238]], "1-B01": [[0.9999425842797166, 0.002838738343110449, -2.202113792047675], [-0.0015108747593808086, 1.0007122237600576, -3.93313132404485], [-8.405769201340909e-08, 2.0201579881144517e-06, 0.9991053276469277]], "2-B01": [[0.9999052615543098, 0.0015898009951909374, -1.7796184414001006], [-0.0011132238307212296, 1.0002764770399393, -1.5651153231661523], [-1.4052143062384177e-07, 7.81140816476856e-07, 0.999168800034095]], "3-B01": [[1.0000000017891684, -1.4116731847314178e-10, -1.0715384888731267e-06], [3.58299410366377e-11, 1.000000001615307, -9.618583695355469e-07], [6.061585806424815e-14, -2.31637251353631e-13, 1.0000000000955362]], "4-B01": [[0.9998667989555179, -0.0011871865042531176, 1.1230364107101887], [0.0005774672860598531, 0.9997145959202801, 0.8510380562158917], [-1.9799028144132484e-07, -7.999922769030567e-07, 1.0002218084557528]], "5-B01": [[0.999816999196989, -0.0020387213997297747, 2.8867079223175107], [0.0014159332624794465, 0.9997217774996879, 0.9475807064812671], [-2.7030132905864775e-07, -7.760608659122255e-07, 1.000672091704692]], "6-B01": [[0.9995433666384338, -0.0019259507995004457, 4.287460918374215], [0.0017048152291395083, 1.0000112194715742, -0.6503762299795578], [-6.749571605608743e-07, 3.679910484247069e-08, 1.0006139054095653]], "0-B02": [[1.0092479371229528, 0.01329161632310218, -75.9488670792018], [-0.024089501962479522, 0.9893195682030088, 64.77741664102999], [1.5609673041714408e-05, -2.7020693861005177e-05, 0.9952082493932792]], "1-B02": [[1.0091651115471238, 0.010812393509850618, -74.37435940261376], [-0.022722982423795845, 0.9886881344281415, 66.92456571200174], [1.539157747160927e-05, -2.867906975230748e-05, 0.9955338372869337]], "2-B02": [[1.0092191649584905, 0.009053717204763936, -73.58822182023741], [-0.022204721783349785, 0.987866692638406, 70.31330747974184], [1.5449927053370207e-05, -3.073544751688755e-05, 0.9961065842342628]], "3-B02": [[1.0093510253792164, 0.007588782703013863, -72.24603753566618], [-0.021225523004977345, 0.9875153353589744, 72.10130397711366], [1.56006526998358e-05, -3.1598714456673915e-05, 0.9966358131604223]], "4-B02": [[1.0094107517361064, 0.006772982773571333, -71.43220282855128], [-0.020479639705165815, 0.9874822911869953, 71.97732611294377], [1.5652339560771575e-05, -3.1718538786002016e-05, 0.9968216055032982]], "5-B02": [[1.0094354280302735, 0.005815034008555525, -69.85510770562485], [-0.019630182863653835, 0.9874322913941697, 72.41956924299294], [1.5629290985535925e-05, -3.183948447275447e-05, 0.9971525034876956]], "6-B02": [[1.0092057666049463, 0.005853828105444946, -68.43221872766041], [-0.019292872785097243, 0.9878202860883968, 70.57344513883767], [1.5220246617674653e-05, -3.092322348572878e-05, 0.997274217100697]], "0-B03": [[1.0098397322894965, 0.02435519698771008, -119.70855631829747], [-0.014627426611643029, 1.001964293860027, -1.82031544656936], [1.7240403770456642e-05, 6.207736145827884e-06, 0.9836955882888155]], "1-B03": [[1.0098569387097693, 0.021786565157224533, -117.89395429612988], [-0.013640304700010184, 1.0010183824878882, 2.9911636242829385], [1.7212475683903414e-05, 3.4307618863705247e-06, 0.9847189273101462]], "2-B03": [[1.009993274267283, 0.020121460707746626, -117.19476897164328], [-0.012810264530143388, 1.0004717685857643, 5.516354180976664], [1.741140357357653e-05, 1.837288322771339e-06, 0.985156488968483]], "3-B03": [[1.0100896936093562, 0.019313634739709252, -115.90398959345765], [-0.011809884311573574, 1.0005812642059615, 5.027606721821597], [1.7518598712930816e-05, 2.0936809617881322e-06, 0.9854123598489595]], "4-B03": [[1.0101981965463047, 0.018466342353527565, -115.2832632191136], [-0.010986647086272668, 1.0005444410657582, 5.132537891960253], [1.7668454398498345e-05, 1.9496086907938527e-06, 0.9855381425908365]], "5-B03": [[1.0100938386383882, 0.01801452933485696, -113.40274237306267], [-0.010270856458186739, 1.000772423923364, 3.808959235059168], [1.742844375330822e-05, 2.553915038726739e-06, 0.9857468006959217]], "6-B03": [[1.0099427222895447, 0.01768304977078514, -112.05274793050164], [-0.010154908044661867, 1.0007014042245377, 4.577460094174981], [1.7140320564944136e-05, 2.3405414035509287e-06, 0.9860632947695577]], "0-B04": [[1.008246068333915, 0.035561689037964285, -156.1564119875919], [-0.026478059314998716, 1.001646337479545, 7.63754526116], [1.6043184924376615e-05, 6.168588701644597e-06, 0.9887309482948374]], "1-B04": [[1.0082487508063218, 0.03438626104834382, -155.88804485973452], [-0.025428654680301768, 1.0016134042738447, 7.088187642854591], [1.598644340911682e-05, 5.976216835389491e-06, 0.9884819075133409]], "2-B04": [[1.008211829035096, 0.03172934832073714, -153.27949663904477], [-0.02471469573413398, 1.0003901487272182, 13.909805829112], [1.5843831514265863e-05, 2.402102906802582e-06, 0.9902103189443547]], "3-B04": [[1.0085641939578114, 0.032176703387426835, -154.17907830600765], [-0.02479049267691854, 1.0004656186702299, 14.180048325150464], [1.650675916835257e-05, 2.6397210611606923e-06, 0.9899028659295529]], "4-B04": [[1.0085890741942483, 0.02943621506649343, -151.78151814717265], [-0.022591028916448333, 1.0002017078603695, 14.45430067948525], [1.6396211409420694e-05, 1.7062483985058604e-06, 0.9905368414139504]], "5-B04": [[1.0084441006918197, 0.029595632711824624, -150.92674493651916], [-0.022517229633974865, 1.0004270286534778, 13.477436905604675], [1.6105022775904646e-05, 2.327181134403106e-06, 0.9904800675795856]], "6-B04": [[1.0083457609667301, 0.02857003382157498, -148.8423091634154], [-0.021547520719973595, 1.0004800985924092, 13.097346178525026], [1.583300615305879e-05, 2.3913037622577582e-06, 0.9907388135548982]], "0-B05": [[1.004464608522542, 0.045753430007414386, -189.0783356619955], [-0.02255469046810614, 1.0123977897158576, -55.65774845283047], [9.352393460392466e-06, 3.920607643748701e-05, 0.9754801406520127]], "1-B05": [[1.0043309501094742, 0.04489476921870143, -187.6063099427538], [-0.021872630696824005, 1.012361510503959, -55.65926030471865], [9.04008768255585e-06, 3.900303103718619e-05, 0.975845506549682]], "2-B05": [[1.0039795153244637, 0.042816103144969885, -185.25656464905802], [-0.02172968748247302, 1.0113638534002383, -49.61980336254237], [8.3259392822005e-06, 3.558421410416121e-05, 0.9773596158754716]], "3-B05": [[1.004556372526048, 0.041039894714405646, -184.92400261029152], [-0.02003644447140152, 1.0111514833180721, -48.32232079008104], [9.376200900621923e-06, 3.4699133806339036e-05, 0.9777202213235717]], "4-B05": [[1.004426390897083, 0.04114992620467525, -184.09875943300415], [-0.020065472494079216, 1.0112524606788211, -48.442241345230954], [9.109806118346346e-06, 3.498059676581748e-05, 0.9776444117169557]], "5-B05": [[1.0047285327281577, 0.03960370342032253, -183.47246683445292], [-0.01842849023814591, 1.0112347584456007, -48.97696128242872], [9.624237591617502e-06, 3.480094069698207e-05, 0.9778035289978646]], "6-B05": [[1.0046516574166435, 0.039370211868476356, -182.01650328288056], [-0.01804454311888935, 1.0113467656992328, -49.86430713372091], [9.435901194021318e-06, 3.514449725727022e-05, 0.9778657212182683]], "0-G01": [[1.0176705705601943, -0.01815362620401951, -16.28989312350248], [-0.01460620201408295, 0.9735874453735328, 126.52579945880585], [2.6267277719289766e-05, -6.364443005518374e-05, 0.9999671264044949]], "1-G01": [[1.0176853414887264, -0.020030074482789033, -15.522211196596533], [-0.013336136655855403, 0.973210573714577, 127.27688924140388], [2.622462455816047e-05, -6.449014653667777e-05, 0.9997934710550693]], "2-G01": [[1.0178219105639268, -0.022196298177146224, -14.719060732713594], [-0.012315832503213726, 0.9723820226088599, 130.07670135237848], [2.6379324573549298e-05, -6.628397533153457e-05, 1.0002369174792625]],