{"0-B01": [[1.0045162705785444, -0.00701394599879919, -14.782169427946062], [0.007285536056745138, 0.998806980915055, 2.379804207084854], [6.826686730172275e-06, -3.2788384022871857e-06, 0.9958517537633786]], "1-B01": [[1.0034084297511354, -0.005247835751637163, -10.76615501823592], [0.005340575453064803, 0.999050543076549, 2.7733413584866256], [5.132184224337043e-06, -2.6217326539552164e-06, 0.997330727476798]], "2-B01": [[1.0009176445257884, -0.0021434273769371866, -2.9889246764289834], [0.0013750874232855866, 0.999327468088685, 2.81558143742704], [1.3715918362703746e-06, -1.8778077484576474e-06, 0.9995330178424473]], "3-B01": [[1.0000000003091676, -2.934220879635974e-11, -7.964669326745526e-09], [2.775246082054221e-11, 1.000000000016896, -7.050200083678528e-08], [7.771124793721864e-15, -8.105287425840778e-14, 1.0000000002867928]], "4-B01": [[0.9981629145894039, 0.0025853449812695177, 5.75766938147735], [-0.003234171458007593, 1.0001604300010152, 0.3868782361919819], [-2.7209150387788567e-06, 4.5964532581608877e-07, 1.0016726004256429]], "5-B01": [[0.997499798088281, 0.0033877326568855747, 7.739868794329682], [-0.00420161909002576, 1.000251631382156, 0.3564032070003091], [-3.6969142651654854e-06, 7.222507706887192e-07, 1.0023014001602621]], "6-B01": [[0.9968482682972449, 0.005582022152292428, 9.356847527416724], [-0.006064530990515402, 1.0005843090596094, -1.435622522144601], [-4.645362528793928e-06, 1.6872215806423185e-06, 1.0025294913907916]], "0-B02": [[1.0150683207789992, -0.00010049010663965149, -92.13393454430548], [-0.011822139617723462, 0.9859619769085218, 75.86780861007229], [2.4963801201115433e-05, -3.542158232263181e-05, 0.9910876645313568]], "1-B02": [[1.013953261702207, 0.001910969294888474, -88.60625333305764], [-0.013536737232445107, 0.9867681891860424, 72.24464210032298], [2.309967332140209e-05, -3.3538394038493494e-05, 0.9913949747538136]], "2-B02": [[1.011762137713242, 0.003967205041898324, -80.09201547849419], [-0.017496246052566052, 0.986472592560069, 75.69288407632324], [1.9502290449161393e-05, -3.414566578312317e-05, 0.9946006430975617]], "3-B02": [[1.0107828497608238, 0.005644788413663359, -76.63227430458963], [-0.019303189428214, 0.9868554947943711, 74.40348169474743], [1.7913703579343098e-05, -3.321751200134862e-05, 0.9955006234373615]], "4-B02": [[1.0086748898714502, 0.00938110657935984, -69.5728902427415], [-0.02307843387181219, 0.9877430228453653, 72.19142733136114], [1.4539097897585103e-05, -3.0947693146105346e-05, 0.9973630686432915]], "5-B02": [[1.007743911804627, 0.009893793198603592, -66.33673859054132], [-0.024300223692607623, 0.9876794948331528, 72.80088011261718], [1.304798308158489e-05, -3.109020631403355e-05, 0.9983818005352104]], "6-B02": [[1.0066789955900273, 0.012075607419369314, -62.64195527415904], [-0.026615032972620748, 0.9880368568597788, 71.75578951522643], [1.1391003617670542e-05, -3.0166905535937513e-05, 0.9995822740668835]], "0-B03": [[1.0149818701576665, 0.013398802179866037, -134.26051224904006], [-0.003987150827841985, 0.99990265324644, 4.758997580583088], [2.6155648620992422e-05, -2.1343954691028796e-08, 0.9791273074943112]], "1-B03": [[1.013933390976088, 0.014002671724883241, -129.98807838810356], [-0.005903275811716354, 0.9994813232261713, 7.5383028666931775], [2.4275792675109674e-05, -1.1451934689462003e-06, 0.980784626875439]], "2-B03": [[1.0119131108548132, 0.017442606903544672, -122.26517114300651], [-0.009815164138735089, 0.9999621780142912, 7.075083865584382], [2.070463581716309e-05, 3.099431196116494e-07, 0.9832573820113478]], "3-B03": [[1.011025425938505, 0.019715290355947053, -119.03453300539027], [-0.012094562713540716, 1.0002673210660853, 7.012689419639186], [1.9174235177736206e-05, 1.2538204775514708e-06, 0.9844785442711479]], "4-B03": [[1.0089591344200732, 0.022206174402404626, -111.97377681746723], [-0.015347669963833754, 1.000544683903222, 6.355632067440478], [1.5610773491120612e-05, 2.1527720249227006e-06, 0.9865135705244484]], "5-B03": [[1.0084365966051787, 0.022779109042598573, -109.59631005021855], [-0.01616064814910812, 1.0005831950870292, 6.409404048690664], [1.4707844782766483e-05, 2.293405441627811e-06, 0.9873886630213738]], "6-B03": [[1.0077709535980717, 0.025087522559420046, -107.8157427151688], [-0.01822034284670814, 1.0009339389891472, 4.671626012903385], [1.3609973799504593e-05, 3.4063605397981043e-06, 0.9876103628421565]], "0-B04": [[1.0146940154947663, 0.021656653937786905, -175.2732893909133], [-0.013341900287319953, 0.9984665073689933, 20.04958880086185], [2.7885509231721174e-05, -3.468141146208112e-06, 0.9835004929708662]], "1-B04": [[1.0127875293039292, 0.024862214754877446, -167.94899987514825], [-0.016391424656383394, 0.9994964150456742, 15.104416403771943], [2.4224799538893816e-05, -5.249900949907559e-07, 0.9849745884612681]], "2-B04": [[1.0118195177667009, 0.0266031102961455, -164.20544589552475], [-0.019033148982081565, 0.9992634352462995, 17.6869767321318], [2.2448356012966685e-05, -1.0275794100836064e-06, 0.9866064202673549]], "3-B04": [[1.0101946919338318, 0.030533892441366613, -157.46655450759226], [-0.022904270824285998, 0.9999499137796118, 16.410509308401398], [1.946021376740268e-05, 1.1120643854427886e-06, 0.9889287420368024]], "4-B04": [[1.0090218237824982, 0.032986550396054505, -153.35393467450976], [-0.02519270678352453, 1.0005179416240013, 14.226023414783278], [1.7326800829223014e-05, 2.8498906005059754e-06, 0.9899666044690336]], "5-B04": [[1.0076075129949533, 0.03411253761201831, -147.5306482598925], [-0.027406052713281767, 1.000360646125022, 15.63268510992334], [1.4750586213648146e-05, 2.526727057344241e-06, 0.9921915990609346]], "6-B04": [[1.006911378011233, 0.034797565847743336, -144.88947089558067], [-0.028393648296660162, 1.0004388128782302, 14.929295383100502], [1.3487310084230867e-05, 2.8048596686030403e-06, 0.9928825166774516]], "0-B05": [[1.009558657645104, 0.03244914323352696, -203.15741805585438], [-0.010493798990818398, 1.0101170530467771, -45.19678010014885], [1.9206890819840005e-05, 3.0637045721750074e-05, 0.971960936054332]], "1-B05": [[1.0086305204809347, 0.03515634397130839, -200.56538518379463], [-0.01253463358145785, 1.0108437225829965, -49.28140432417477], [1.7363237443674883e-05, 3.316736829400411e-05, 0.9719915253317648]], "2-B05": [[1.0077196480715511, 0.03630830223490774, -196.63733102555457], [-0.014712089847528366, 1.0104999398505259, -46.146637749362775], [1.556229070440766e-05, 3.216542606209726e-05, 0.9738265519619024]], "3-B05": [[1.0058713123877698, 0.040065372832492153, -189.02231647335216], [-0.018662134374475732, 1.0109574876636342, -46.6186766398827], [1.1944467608355263e-05, 3.3896507293890206e-05, 0.9765598116902726]], "4-B05": [[1.0051036558199478, 0.04290846470639774, -185.95930093757718], [-0.021143309397985668, 1.0113727367793557, -47.17986077526735], [1.049870166825472e-05, 3.540538536032364e-05, 0.9777275941385131]], "5-B05": [[1.0033267303637168, 0.04492181263529345, -179.57055323337585], [-0.024120840482868108, 1.0113111310018816, -46.679291842037145], [7.098051122937975e-06, 3.5507599785136315e-05, 0.9799114594791308]], "6-B05": [[1.0026961983707638, 0.0461207033261936, -176.564600176247], [-0.025238645943195828, 1.0115301260190448, -47.18403443546693], [5.898615428454283e-06, 3.6305989944646573e-05, 0.9809579498564943]], "0-G01": [[1.0244511599964716, -0.034887441668746765, -34.8679593321394], [0.00034991433846970636, 0.968504763577258, 140.37401581477488], [3.638813278698372e-05, -7.406112375535872e-05, 0.9955436886282202]], "1-G01": [[1.0232293625079, -0.031212842625588936, -31.609690100094586], [-0.002330225271764748, 0.9700563357361233, 135.08102462867615], [3.4511786654344396e-05, -7.099389828992178e-05, 0.9956610371808556]], "2-G01": [[1.0209386868379082, -0.029197010593374182, -23.400289265167483], [-0.006098406256871867, 0.9701287080971392, 136.40866490780635], [3.099408287002107e-05, -7.09128305807773e-05, 0.997957883766917]],