{"0-B01": [[0.9967540364275708, 0.0003399033876902894, 12.475742248650583], [-0.0033863463971550837, 0.9992930535921795, 7.407977596002398], [-4.790020679109878e-06, -1.9645185286539445e-06, 1.0039950669214746]], "1-B01": [[0.9984687751996892, -0.00017048566514247935, 6.465986853377934], [-0.0019249458021072068, 0.9993163022428141, 5.8878354079460165], [-2.2693879519906434e-06, -1.9046082920225484e-06, 1.002336446624047]], "2-B01": [[0.9992243826883744, -0.00015552431196038662, 3.5346827488123176], [-0.0011852499217272314, 0.9995048936716675, 4.0340135989903825], [-1.151823580765166e-06, -1.382661077075956e-06, 1.0012238516523448]], "3-B01": [[1.0000000008070167, -4.3655776075846107e-10, -8.118090612547191e-08], [-2.7673475505126754e-10, 1.0000000002119815, -1.322995195412519e-07], [-1.079013709248646e-13, -2.9439716331112023e-13, 1.0000000009178884]], "4-B01": [[1.0003635547315788, 0.0008540560992484724, -1.7929209761176803], [0.0005777419546502447, 1.000655545549012, -3.958938963632166], [5.424509741127555e-07, 1.8508515013014026e-06, 0.9989883523462947]], "5-B01": [[1.0005205902719618, -0.0001624343728398944, -2.8630527481824406], [0.0016631958843751076, 1.0006480567290073, -5.545631315033983], [7.79307043087852e-07, 1.8366522469748472e-06, 0.9987821264256166]], "6-B01": [[1.0005706098275247, 3.6853951347069774e-05, -3.4589547602533433], [0.002112441390624684, 1.0009757101077588, -7.242093689198174], [8.555821401231099e-07, 2.7694426106892734e-06, 0.9983716084454176]], "0-B02": [[1.006030284688024, 0.0071079085627288275, -56.487742660250376], [-0.025075371293989564, 0.9860369378973898, 83.08195713473924], [1.022148892025802e-05, -3.487155902100886e-05, 1.0021152958109154]], "1-B02": [[1.00766864050911, 0.007874606886565138, -63.704559142022816], [-0.023873385295381307, 0.9866255946127452, 79.07479951107369], [1.287464244343644e-05, -3.352280624159477e-05, 0.9994895661907687]], "2-B02": [[1.0082399431839364, 0.007399025968759499, -66.0774709862089], [-0.02305821831525469, 0.9866144049863427, 78.33594631865648], [1.3791376190940853e-05, -3.3607814890570304e-05, 0.9987948161800491]], "3-B02": [[1.0094643973735749, 0.007577884035490578, -71.13317286133433], [-0.021658465256279964, 0.987151586422058, 74.65362315136326], [1.5776375177912124e-05, -3.2395536997006714e-05, 0.9970400183146626]], "4-B02": [[1.0098331180687696, 0.007643098622157726, -72.95806166165507], [-0.020970736137132046, 0.9875131397770353, 72.29995581674295], [1.637253741676885e-05, -3.157798790133614e-05, 0.9963570723477193]], "5-B02": [[1.0101054019861706, 0.008483734607069417, -75.41997713269305], [-0.02010775226582425, 0.9885607027286339, 66.4350874032194], [1.6816533208955314e-05, -2.9108343806383058e-05, 0.9950655311346018]], "6-B02": [[1.0102332256113076, 0.007941134608766677, -75.9840780750389], [-0.01961489150896615, 0.9884763482982422, 66.57199638169199], [1.701871559313637e-05, -2.934088728061347e-05, 0.9950480004454166]], "0-B03": [[1.0081086948227123, 0.02006428503198795, -105.30553145550665], [-0.015366076232140358, 0.9995409251331763, 14.135223467348728], [1.4063248791543716e-05, -6.957035348518817e-07, 0.9892558305999036]], "1-B03": [[1.0094221870533682, 0.019678309118282805, -111.29116136088147], [-0.014147063958873623, 0.9995641484909418, 12.283611452337027], [1.6352674191999962e-05, -6.558050158292123e-07, 0.9872441591805081]], "2-B03": [[1.0100315097540122, 0.019395128387304405, -113.74725309510974], [-0.013222194098104085, 0.9997439424435736, 10.554184333210184], [1.740701381861554e-05, -1.8545435742558756e-07, 0.986438652440176]], "3-B03": [[1.010749586751099, 0.01936291152262835, -117.74550661467572], [-0.012029511416543338, 1.0002108786770563, 6.564638378749805], [1.8675299338489336e-05, 1.0837539439437336e-06, 0.984805914526712]], "4-B03": [[1.0111971919929161, 0.020202460068265014, -119.75143817641847], [-0.011630765424928642, 1.0008117714501605, 3.2102000623251965], [1.9461190481643847e-05, 2.7754224788879295e-06, 0.9837782196736689]], "5-B03": [[1.0112099308051863, 0.019538181583838653, -121.02235217970859], [-0.010627051943847256, 1.0010449426058288, 0.4281573758311438], [1.9491119982185615e-05, 3.393767098253075e-06, 0.9830708272899757]], "6-B03": [[1.011237486854369, 0.019429642876307385, -121.34150691983872], [-0.010217120431777518, 1.0012306074082076, -0.9044339292977107], [1.9539160063798323e-05, 3.906156590858649e-06, 0.9830068387009754]], "0-B04": [[1.0066661642662045, 0.03109591424420761, -140.87468071663494], [-0.026965990380198618, 0.9991129746242587, 24.180332393349754], [1.2912430535059187e-05, -1.074502274742537e-06, 0.99496502744563]], "1-B04": [[1.0079587604556026, 0.03125870818544045, -147.34744593402615], [-0.02597789022953366, 0.9993133621438502, 21.719602403404252], [1.531821758957106e-05, -5.307443017202149e-07, 0.9924911442485698]], "2-B04": [[1.008598501680082, 0.031044929792758944, -150.28023805702492], [-0.025113228343607116, 0.9994832723267644, 20.096409657409147], [1.6494980686931197e-05, -9.617561835677715e-08, 0.9913720274531048]], "3-B04": [[1.009465696798445, 0.030814649221820874, -154.63351265165963], [-0.023661337651338214, 0.9999558827763125, 15.988029459403267], [1.809429939838027e-05, 1.1528756950084496e-06, 0.9895680512181546]], "4-B04": [[1.0096881422569155, 0.03118359211082334, -156.05513882066103], [-0.023220956836571847, 1.0004086063325204, 13.232533296227219], [1.850872324999364e-05, 2.406880011106454e-06, 0.9888762708206361]], "5-B04": [[1.0098741980990928, 0.030730778922590653, -157.92696290277752], [-0.022015171699167366, 1.0008757347520347, 9.13611828512871], [1.8834985685744827e-05, 3.6506289182798215e-06, 0.9877898682822911]], "6-B04": [[1.0097543243629967, 0.031190182473250144, -158.09421821040252], [-0.02232689545929906, 1.001012795810093, 8.570741603582707], [1.863706328246391e-05, 4.062891444423677e-06, 0.9878218364877458]], "0-B05": [[1.0016831497563252, 0.041356837759112884, -168.47752164143083], [-0.023769534540373893, 1.0100641207376464, -36.37157478746868], [3.818089042578469e-06, 3.104208931224375e-05, 0.9849447008558687]], "1-B05": [[1.0031818480729868, 0.04259322492486652, -176.57180697552636], [-0.02304399071966601, 1.0107090292180851, -41.06492504851251], [6.739901722600608e-06, 3.31735247293933e-05, 0.9812474322109678]], "2-B05": [[1.003754577790656, 0.041825554101642085, -179.20773499871922], [-0.022356671005917653, 1.0104554359564437, -41.03776781129556], [7.848638444651422e-06, 3.2405567664904265e-05, 0.9805278312472422]], "3-B05": [[1.0046784840803158, 0.041367189542765644, -183.8281722777644], [-0.020676965557217333, 1.01089486704711, -45.35111583511249], [9.624672535277427e-06, 3.3820630232168514e-05, 0.9784581451747533]], "4-B05": [[1.005078363359103, 0.04124958616924401, -185.76333327354834], [-0.020024661070463252, 1.0110746593330597, -47.51547347493585], [1.0401426593131441e-05, 3.4450735035760573e-05, 0.9776344110847321]], "5-B05": [[1.0052949401769526, 0.04207478263942872, -188.47670175285535], [-0.019303287819561962, 1.0119385815535789, -53.930801229345896], [1.082796276794049e-05, 3.7362568770809875e-05, 0.97577025462546]], "6-B05": [[1.0054104555612022, 0.041892304440331034, -188.88095589672795], [-0.019226120583168596, 1.0118375811817004, -53.34777911053838], [1.1057599759687382e-05, 3.701987593723066e-05, 0.9757524952102553]], "0-G01": [[1.014760336213353, -0.02636632150547644, 1.523966991334781], [-0.013707138712049814, 0.9700278556177685, 142.35990230905296], [2.1641264525426332e-05, -7.089501649770565e-05, 1.0055489894376157]], "1-G01": [[1.015723429780648, -0.025753963528927084, -2.262372616170897], [-0.012951226374514414, 0.9705176133815967, 139.7644887588958], [2.307481082288416e-05, -6.991073276061258e-05, 1.004093606582947]], "2-G01": [[1.017175665435201, -0.025671113508311794, -8.052415367928239], [-0.01176447848217335, 0.9706744280307246, 138.05443597615323], [2.5267387630924653e-05, -6.966419577559737e-05, 1.0025196790602633]],