{"0-B01": [[1.0001917095852233, 0.0005860793021406009, -0.9177291763998466], [-0.0004429778617622257, 1.0000209690449824, 0.22485768063104394], [2.859886040698045e-07, 5.9320161318263616e-08, 0.9997055934863064]], "1-B01": [[1.0000672001726083, 0.0006935604637586803, -0.6675102906265529], [-0.0005039577514065362, 1.000080746619932, 0.29586633978654814], [1.0036988465033077e-07, 2.270789847838976e-07, 0.9996465201661703]], "2-B01": [[1.0000484857470073, 0.0006462538826221807, -0.36854613084021715], [-0.0004049508370980848, 1.000113554402272, -0.2400453250504859], [7.239264724577968e-08, 3.194588423721136e-07, 0.9999233302529649]], "3-B01": [[1.000000004080623, 9.695521320000131e-10, -8.462906137040146e-07], [2.2729244262389477e-10, 1.0000000009406818, 2.619535346812798e-06], [-7.543768925337917e-14, 1.064932238165662e-12, 1.0000000032723237]], "4-B01": [[0.9999789908592389, -0.0003738202198354475, 0.18869426517611085], [-2.3573198805514046e-05, 0.99979506016506, 0.680620197085902], [-3.131268790329651e-08, -5.756768349586375e-07, 1.0004370558324405]], "5-B01": [[0.9999381405866132, -6.406404100636181e-05, 0.3001143542054322], [-9.52154697840425e-05, 0.9999328378605441, 0.2514564656976074], [-9.218866189312082e-08, -1.8874362740342465e-07, 1.0005485578789213]], "6-B01": [[0.9998961946991591, -5.502242899206211e-06, 0.4796374281730143], [-7.997837720490071e-05, 0.9999838183056343, -0.03089347805817733], [-1.547057170131536e-07, -4.5501241576392916e-08, 1.0007260199135557]], "0-B02": [[1.0083305834417229, 0.009131980674772715, -68.07983948823], [-0.022154457702548192, 0.9883725550354853, 69.40378573498484], [1.3926150152120585e-05, -2.9449913900020096e-05, 0.9977022246577875]], "1-B02": [[1.0081866553956351, 0.008621511782694392, -67.66888400627109], [-0.021987127210910926, 0.9882245028274809, 69.69829863405701], [1.3682847068512068e-05, -2.984736265897939e-05, 0.9977512379048128]], "2-B02": [[1.0080585351458686, 0.008287423380446808, -67.00240135793514], [-0.02179686034126671, 0.9882098014207368, 69.42098465986129], [1.3464911041199971e-05, -2.9933140955954976e-05, 0.9982918384203042]], "3-B02": [[1.0081779451115132, 0.007867800896991132, -67.24191282722882], [-0.021554572757364665, 0.9880568263514357, 69.74845805781705], [1.364917688587094e-05, -3.0333311017550153e-05, 0.9981169137248308]], "4-B02": [[1.0081435972857358, 0.008046092640778976, -66.8668990507955], [-0.02173640972813895, 0.9880611978733355, 70.05532154842871], [1.3599542791136343e-05, -3.030651524719361e-05, 0.9985933105854833]], "5-B02": [[1.0080797843630727, 0.007579611852770113, -66.56836776523119], [-0.02147361062838961, 0.9879724434777579, 70.1191393452278], [1.3485455944828017e-05, -3.0562930386188715e-05, 0.9988299863520346]], "6-B02": [[1.0080996848269768, 0.008033448746728702, -66.60410429854787], [-0.02163620163886747, 0.9881483915555949, 69.56553403383985], [1.3524231193664947e-05, -3.011412088823808e-05, 0.9988911248206924]], "0-B03": [[1.0081297923212003, 0.01957882056745252, -108.5605211109935], [-0.014420241802648266, 0.9998392283883053, 10.811509525972186], [1.4137888579104332e-05, 8.231586934117846e-08, 0.9883040742780402]], "1-B03": [[1.0080722702249876, 0.02013683129251646, -108.08391705675076], [-0.01403473435286529, 1.000460767875179, 7.088349268305868], [1.4017954614363784e-05, 1.805150594546882e-06, 0.988199514381662]], "2-B03": [[1.007959407781456, 0.019838896211959414, -107.84523127796878], [-0.013925372355247134, 1.0003945373579048, 6.913965896879933], [1.3819605018513729e-05, 1.6101294647277817e-06, 0.9881507985205904]], "3-B03": [[1.0080536567577547, 0.01930840308987494, -107.29101797794364], [-0.013430869410119417, 1.000351636956639, 6.883978695085086], [1.3960965240322315e-05, 1.4662960849213248e-06, 0.9886966696775876]], "4-B03": [[1.007991938768867, 0.019040580032382827, -107.32060877236682], [-0.013409588449295705, 1.000227684148116, 6.95504694720337], [1.3856988711738306e-05, 1.1150365954033766e-06, 0.9886471897943311]], "5-B03": [[1.0079399966052989, 0.018929394722118884, -106.91500889487152], [-0.013449067999172976, 1.000154172201061, 7.499921145480651], [1.3766933999191985e-05, 9.081366719698336e-07, 0.9890424675637179]], "6-B03": [[1.0080112028449921, 0.018905303460328704, -106.98482782706643], [-0.013360543863048352, 1.0001680904138686, 7.4819015744724195], [1.3887015785404779e-05, 9.448781236109444e-07, 0.9891144698113417]], "0-B04": [[1.0060326073021113, 0.031849909577178294, -141.30017533799943], [-0.02651252282751761, 1.00022023559135, 16.731181987721886], [1.1747180135456227e-05, 1.948908704745759e-06, 0.9943542344189581]], "1-B04": [[1.0060058719198826, 0.030873632280973187, -140.69188104780454], [-0.02607562925647087, 0.9999020343870273, 18.002891143048902], [1.1671416605458035e-05, 1.012309053140451e-06, 0.9948162054440678]], "2-B04": [[1.0060106220990441, 0.030620355205077533, -140.51081025100973], [-0.025526601061757703, 1.0001205564192943, 16.213647360612626], [1.164915968236374e-05, 1.5823524485806008e-06, 0.9947817389654485]], "3-B04": [[1.0059538923902764, 0.03102088024584048, -140.85239818000392], [-0.026138523614501794, 0.999980903794451, 17.009233071988408], [1.1581547622581642e-05, 1.2384157326825902e-06, 0.9946519458851333]], "4-B04": [[1.0060425912419677, 0.03048204676902561, -140.50927248636813], [-0.025559447157703, 0.9999937297569457, 16.83110323803355], [1.1711781553945451e-05, 1.2293089411120336e-06, 0.995051730525382]], "5-B04": [[1.0059003891350333, 0.03068286155601668, -140.15547364494273], [-0.025961221061999624, 0.9999093280814405, 17.391026787803664], [1.1470844566779832e-05, 1.0182923719541572e-06, 0.995386547469161]], "6-B04": [[1.0060413390449223, 0.030179588887707838, -140.4731584880022], [-0.025414285549223176, 0.9998997428571638, 16.962734042952356], [1.1705408079634619e-05, 9.52547886905871e-07, 0.9953295364379791]], "0-B05": [[1.0009983324247211, 0.041009528689575296, -168.6439956919944], [-0.023816711950273753, 1.0100840254457675, -38.52236034196074], [2.4967182594594853e-06, 3.122317227091026e-05, 0.9847311780388497]], "1-B05": [[1.0008872262274806, 0.04113617243401233, -168.11129719206096], [-0.023138087302967642, 1.010600568164529, -42.641184376737236], [2.2469820448105423e-06, 3.29221866536617e-05, 0.9843837380173649]], "2-B05": [[1.000745461481643, 0.03995416662449769, -167.19190436510382], [-0.022716240366126617, 1.0102122387197905, -41.033082486208734], [1.9516265767674867e-06, 3.164849248158721e-05, 0.9850800798568801]], "3-B05": [[1.0008647733897278, 0.039913590135656055, -167.5841406137265], [-0.022379957994009533, 1.0103345064022624, -42.626806712109335], [2.1690101523034185e-06, 3.2094007357247666e-05, 0.9848755505404542]], "4-B05": [[1.0008450772237512, 0.040393556208381344, -167.54072055828124], [-0.02302510310233869, 1.0102368462403513, -41.04673157537145], [2.1598258869613766e-06, 3.1770624706732717e-05, 0.985191848464828]], "5-B05": [[1.0007803993750408, 0.03999224174744506, -167.0043216601069], [-0.022735885773594276, 1.0101902617523435, -41.40812378654931], [2.020303903067067e-06, 3.16409287301893e-05, 0.9855376790817293]], "6-B05": [[1.0007831840868142, 0.039395170631536976, -166.53802208742783], [-0.02208151150255048, 1.0102428004599777, -42.002041043470875], [1.996075333732278e-06, 3.176695283196912e-05, 0.9858306996134132]], "0-G01": [[1.0190413001779186, -0.021614434342140845, -16.876200165001322], [-0.01087595686394388, 0.9731592883702781, 127.720893236134], [2.8134972544862194e-05, -6.440233125196004e-05, 0.9990925753198037]], "1-G01": [[1.0189919309198556, -0.0219821710414696, -16.416296313122174], [-0.010729171197504194, 0.9731402690100991, 126.84703558302823], [2.8046298803261748e-05, -6.460877346343156e-05, 0.9992088166916998]], "2-G01": [[1.019077701629874, -0.02253040106066977, -16.343040233216833], [-0.01036695140497821, 0.9729756051619457, 127.37102802808431], [2.8164410934970995e-05, -6.497050800712031e-05, 0.9994252004759636]],