{"0-B01": [[0.9996276321675861, 0.0003806157736341046, 0.9649540688720573], [0.00021291537202645474, 1.0004190268654545, -1.8147284607390999], [-5.53838528119531e-07, 1.1778439362808364e-06, 0.9989353000339785]], "1-B01": [[0.9998126861953942, 0.0002819535164595079, 0.3902429916877285], [-6.573450974407531e-05, 1.0001674825584326, -0.2721850142034748], [-2.7879648185121504e-07, 4.69871194028345e-07, 0.9991193791127618]], "2-B01": [[0.9999969740848704, -0.00038861325898493067, 0.07178712686643894], [-8.457533378910461e-05, 0.9997488712307039, 1.950818106031025], [-4.496816036190536e-09, -7.025349366846841e-07, 0.9994729487486717]], "3-B01": [[0.9999999961344594, -6.991828216683484e-10, 6.32551901947197e-07], [-4.526211633395383e-11, 0.9999999991831203, -2.5517732532033715e-06], [1.4301630144776862e-14, -9.665665542196032e-13, 0.9999999969306896]], "4-B01": [[1.0000922944499682, 0.0006605907971993748, -1.0057248550281186], [-0.000190499395899399, 1.0002229882196283, -0.8086544565813433], [1.3765072376328767e-07, 6.268959743701104e-07, 0.9994326437581917]], "5-B01": [[1.0002919423833094, -0.0005312465968552204, -1.4757164240823257], [2.9582143332142026e-05, 0.9996502119389516, 1.4977294006787216], [4.3572925757710277e-07, -9.810842859684666e-07, 1.0000631711325187]], "6-B01": [[1.0005083283760483, -0.0009475027584293412, -1.8800456096516676], [0.00022826917036086923, 0.9994716207841631, 2.6841560809036293], [7.590395267591485e-07, -1.4790398657002102e-06, 1.0003261018708207]], "0-B02": [[1.0077708773086493, 0.007899701328995153, -65.8194326073549], [-0.021328103269053322, 0.9884115603102003, 68.36408032480055], [1.2954027707806205e-05, -2.944007560893763e-05, 0.9974292215115141]], "1-B02": [[1.0078662963235943, 0.008180106744750462, -66.4504651698776], [-0.021902514688156616, 0.9881477523640251, 69.81130214076252], [1.3141099148908664e-05, -3.0051329774286814e-05, 0.9975179666147471]], "2-B02": [[1.0079417894902942, 0.007029563936917463, -66.18977902786277], [-0.021577619534100236, 0.9875786305296386, 72.18408533156676], [1.325295693434035e-05, -3.1467008865717556e-05, 0.9981093538319111]], "3-B02": [[1.008140737246748, 0.008121378438731971, -66.95905029970343], [-0.021400175029929476, 0.988327107974579, 69.11034588145726], [1.3576620930558071e-05, -2.9627288360683994e-05, 0.9980086993260656]], "4-B02": [[1.0081947335056085, 0.008158893058027776, -67.64526535327414], [-0.02141680581784636, 0.9883223064989445, 68.71084736238599], [1.3674446027596227e-05, -2.9666031168647372e-05, 0.9977632578771446]], "5-B02": [[1.0085034078316257, 0.007948691579863087, -68.7549391710267], [-0.021476767718091365, 0.9879810441011859, 70.53303624066196], [1.4195860194015092e-05, -3.0471824569326562e-05, 0.9979431152719321]], "6-B02": [[1.0086810443286667, 0.00732968877121551, -69.0597523016342], [-0.02130111073930689, 0.9876125205604601, 72.03260123901578], [1.448459425677686e-05, -3.1387479350711044e-05, 0.9982538661885977]], "0-B03": [[1.007479725229467, 0.019081330970157365, -105.74899843205104], [-0.013039383926960168, 1.000686467062598, 4.640244115170716], [1.293747945581047e-05, 2.3726510073328115e-06, 0.9874566179465812]], "1-B03": [[1.0077414093990056, 0.019221124374313052, -106.14369401898216], [-0.013211834620123227, 1.000561136154767, 5.597667566828848], [1.3396016480045571e-05, 2.0352994437516727e-06, 0.9879974528369206]], "2-B03": [[1.0076203293681882, 0.018892046981168524, -106.34464727418748], [-0.013400946738188613, 1.000286469188178, 6.624683364677924], [1.3201436678479739e-05, 1.2673906004880484e-06, 0.9879455365618065]], "3-B03": [[1.0077815116912885, 0.01884986020201684, -106.49072070472097], [-0.013765682908980519, 0.9999590343480914, 9.223141758903063], [1.3491371477212686e-05, 3.7026677953290274e-07, 0.9884809859932648]], "4-B03": [[1.0078301311197781, 0.01867298287481008, -106.80500148985477], [-0.013154408112792676, 1.0002262901347425, 7.070031204720971], [1.3566990680869188e-05, 1.0918743992115817e-06, 0.9885802372869664]], "5-B03": [[1.0079945122238108, 0.01892211911065101, -107.24163151452996], [-0.01299881737854579, 1.000414618475955, 6.118693363501187], [1.3847610855206205e-05, 1.6201252737304834e-06, 0.9884699810776056]], "6-B03": [[1.008303778225843, 0.018800436433074167, -108.83285796320448], [-0.013208807059516896, 1.0000807431012426, 7.874303557470229], [1.4408067524386432e-05, 7.004473414112802e-07, 0.9883485348634528]], "0-B04": [[1.0056638859060902, 0.03095615319633367, -139.3883827966459], [-0.0255974942838493, 1.0004442157909725, 14.743687396363805], [1.0993898302932397e-05, 2.4820195383538222e-06, 0.9939053796058053]], "1-B04": [[1.0057366349862265, 0.03046478720618033, -139.83545783771893], [-0.02565030511865202, 1.0000557171797744, 16.5847122149866], [1.1138801499772297e-05, 1.3933395494829132e-06, 0.9940387461321669]], "2-B04": [[1.0059221643354441, 0.029420002636413534, -139.43602328760932], [-0.025247654597324275, 0.9995684551335645, 19.438690979224088], [1.1461490544047175e-05, 3.5142231806843763e-10, 0.9952376104508248]], "3-B04": [[1.0061058586114835, 0.03094423531477736, -140.97767724359832], [-0.025640361955375827, 1.0002065497320585, 16.246367411105062], [1.1830408694810562e-05, 1.8383121270490816e-06, 0.994305208729952]], "4-B04": [[1.0062093783106105, 0.030230985593366642, -141.4754144047138], [-0.025157174920904576, 1.0000318963253658, 16.52561783453292], [1.2007533620272342e-05, 1.3114639762603672e-06, 0.994454940065461]], "5-B04": [[1.0062743089076958, 0.030388179106063368, -142.25704271129075], [-0.025393629856223246, 0.9999362564652725, 17.33911618444733], [1.2152275930496264e-05, 1.0655471168300982e-06, 0.9943909774420121]], "6-B04": [[1.006523678526582, 0.029594177917729534, -142.85271887575723], [-0.02498940921766437, 0.9995821214769927, 19.09815859955214], [1.2604565500738315e-05, 5.074133924301207e-08, 0.9948946432416431]], "0-B05": [[1.000636130353731, 0.039334260547515994, -166.01126256341186], [-0.021645253792812076, 1.0105399277488911, -43.64199191255364], [1.6879230681487983e-06, 3.2617839532748255e-05, 0.9840179818712894]], "1-B05": [[1.0006632489677452, 0.04064632708934726, -166.7666269883459], [-0.022706377365574546, 1.0106458059546468, -43.57437828221327], [1.788310849878267e-06, 3.304539004758147e-05, 0.9840087555123116]], "2-B05": [[1.0005600273435993, 0.04026388897081527, -166.57938262557732], [-0.02319123585582492, 1.0101685854825728, -40.427252064291544], [1.6108668959438551e-06, 3.1504363284278414e-05, 0.9846703621928202]], "3-B05": [[1.0009357141910509, 0.03967193761125109, -166.99310206986215], [-0.022287086529894657, 1.0102352056466442, -41.1663069708109], [2.300565184394146e-06, 3.169018426079915e-05, 0.9852047899470692]], "4-B05": [[1.0006500851461058, 0.03979097541342029, -166.63075725561296], [-0.022201538898631176, 1.0104653472933434, -42.896665200941634], [1.7419930560590837e-06, 3.2440135398386535e-05, 0.9848203718522482]], "5-B05": [[1.0010812205281865, 0.04045071371987093, -168.90563760174652], [-0.022701942337899062, 1.0103982461950065, -41.94671451162989], [2.607361383357635e-06, 3.2256516090460865e-05, 0.9844292382510565]], "6-B05": [[1.0010286668831048, 0.03883325858896277, -168.08258542715137], [-0.02193734490706864, 1.0099305538715087, -40.091274599800215], [2.471072844776829e-06, 3.07139875663295e-05, 0.9853398571506262]], "0-G01": [[1.0184671026007919, -0.022291130464069626, -14.774668140810933], [-0.010180414059309532, 0.97357545120265, 124.91141227041327], [2.7207888891491096e-05, -6.363807283032662e-05, 0.9985870396605169]], "1-G01": [[1.0186603719814629, -0.02238909189607207, -15.148292156507834], [-0.010003651481676201, 0.9735618152868254, 124.74477615205537], [2.7496478784831466e-05, -6.37087848301004e-05, 0.9987073777376481]], "2-G01": [[1.0187913151313754, -0.02368109713662337, -15.320590190961804], [-0.010050435404252912, 0.972546050436053, 128.72172861286245], [2.770521535535631e-05, -6.58845003394709e-05, 0.9991854905684483]],