{"0-B01": [[1.0000941607485703, 0.005415715815981459, -2.0607534357335], [-0.0047025301295975245, 1.0003291852063827, 0.9652415278619817], [1.572272722777173e-07, 9.601571523599222e-07, 0.9997186848839839]], "1-B01": [[0.9999458939034935, 0.003716412898517093, -0.9742393399495685], [-0.002909002715914667, 1.0004320739080619, -0.6001060730871876], [-7.439693390236642e-08, 1.2303150615671339e-06, 0.9997811261760642]], "2-B01": [[1.000012195685826, 0.0024813027207955677, -0.9111394713131616], [-0.001908174360192345, 1.0002948145719577, -0.27274083526938786], [2.0914303814727784e-08, 8.351538353017658e-07, 0.9997945580964206]], "3-B01": [[1.0000000002302798, -3.085626578571304e-11, -1.6456226695266947e-07], [-8.05921880040179e-12, 1.000000000212764, -1.332469791673287e-07], [-1.2149955134193374e-14, -4.039740008764678e-14, 1.0000000000362792]], "4-B01": [[1.0002160554950588, -0.001979162245794491, 0.3281501947564952], [0.0008474952569806501, 0.999335164735597, 3.519242168928852], [3.223714818316975e-07, -1.855502768345805e-06, 1.0006486673911998]], "5-B01": [[1.00040033181014, -0.001726458722504791, 0.1433948920853607], [0.002390408037332714, 1.0002397641852236, -1.8404595184406447], [6.000274082315479e-07, 6.796814919876917e-07, 0.9997948349395693]], "6-B01": [[1.0004502161852193, -0.0029537126819453884, 0.46594775717057246], [0.003294130071332076, 1.0000522202993214, -1.5010890292896166], [6.777277389998454e-07, 1.59484499028671e-07, 0.9998394116323451]], "0-B02": [[1.00934086544509, 0.01285088266136615, -73.6426209868273], [-0.02590332485657498, 0.9877207962073803, 73.74953207314196], [1.580486593484356e-05, -3.077310016075323e-05, 0.9967292428444611]], "1-B02": [[1.0092112193753737, 0.011855226848060483, -73.00956427175308], [-0.02446813568865282, 0.9881317445080864, 71.25807208314893], [1.551717857407063e-05, -2.9867796710523618e-05, 0.9965019002262699]], "2-B02": [[1.0093330161022578, 0.010296605983466585, -72.67960791237492], [-0.023397768626305143, 0.9877965235170801, 72.23582259886344], [1.5665626268456307e-05, -3.0759955007245907e-05, 0.9967795935704201]], "3-B02": [[1.009384755232614, 0.008180114313151436, -72.13304023503771], [-0.021360625495157964, 0.9877942781865132, 71.30024119825109], [1.5657676706835593e-05, -3.088669431038705e-05, 0.9967511837387154]], "4-B02": [[1.009518303177835, 0.005688015977527697, -71.70914215960461], [-0.02014476356794582, 0.9869084593891664, 74.742213344539], [1.5826275937818267e-05, -3.3092536625236164e-05, 0.997189450068082]], "5-B02": [[1.0099506047321967, 0.006309906941533205, -72.24435084126384], [-0.018826718748851945, 0.9880498089711303, 69.78596923036885], [1.6474226896718975e-05, -3.033151319482731e-05, 0.9967371506537187]], "6-B02": [[1.0098644374558, 0.005659862295566243, -72.19509160556744], [-0.018208110941766182, 0.9880941083832893, 68.93043355723076], [1.6308426344795446e-05, -3.027250059459559e-05, 0.9962432339380699]], "0-B03": [[1.0099569526153451, 0.024970083365322276, -117.80132035226481], [-0.016647513273328352, 1.0009908529379596, 6.132170829372934], [1.7466449519110335e-05, 3.5321615523884545e-06, 0.9853239900291965]], "1-B03": [[1.010073326287898, 0.02346308191991089, -117.72462780266281], [-0.015247666047576273, 1.0009239001972354, 5.588705265993028], [1.761843472712508e-05, 3.257100702680039e-06, 0.9851130400447907]], "2-B03": [[1.0098979511016541, 0.022155077739660075, -116.67810761760857], [-0.014167947023833444, 1.0008858922261374, 5.167419623859986], [1.727178249734307e-05, 3.0778364429480982e-06, 0.9854582683598745]], "3-B03": [[1.009922721796431, 0.01822221258778415, -115.62400830189924], [-0.0114938141787358, 1.0001691027694064, 7.049736105157923], [1.7231479991513338e-05, 9.114666495608183e-07, 0.98579855634014]], "4-B03": [[1.0103115600655106, 0.01639554463836039, -115.46325324743196], [-0.01035441283266677, 0.9996090973891956, 9.645483807529525], [1.7873093272387653e-05, -6.980718896611363e-07, 0.9865992790989214]], "5-B03": [[1.0104423127948268, 0.01808686940102877, -116.6173358678839], [-0.009568072112423486, 1.0011216282772955, 1.5007816671979224], [1.807473520887087e-05, 3.520705846060968e-06, 0.9845651710948085]], "6-B03": [[1.0104092161693117, 0.01594043865435144, -115.44615257360321], [-0.008885944862880737, 1.0002386309668387, 5.8888960370899035], [1.799368744370707e-05, 9.970242152831583e-07, 0.9856324122887191]], "0-B04": [[1.008323536477474, 0.03608168984606233, -154.57686514156887], [-0.028387629106191775, 1.0006039006055127, 15.623025274937099], [1.625946141893443e-05, 3.3543141902984836e-06, 0.9900252234624046]], "1-B04": [[1.0083190218180278, 0.034551893838407614, -154.21777067626235], [-0.026876762183879858, 1.000669699907486, 14.361099225434199], [1.6161134733841698e-05, 3.3946217271101797e-06, 0.9898566891717886]], "2-B04": [[1.0081134280304813, 0.03354333043799143, -152.58940531091457], [-0.026167949590173063, 1.0006034369490435, 14.500137628444653], [1.5719471168092667e-05, 3.126866641548208e-06, 0.9906023608589464]], "3-B04": [[1.0083864035990315, 0.030124660807581048, -152.26356188202246], [-0.023277517836433236, 1.0002610050241927, 14.622493794172819], [1.6072109050329095e-05, 1.9192917242516696e-06, 0.9904658444316355]], "4-B04": [[1.0086567160248279, 0.02758019538898391, -151.92182146071414], [-0.02182585538259717, 0.9994667948143406, 18.09082815058849], [1.650512666682326e-05, -4.126049486145767e-07, 0.991201771900929]], "5-B04": [[1.0091470682610515, 0.028481540885465402, -152.87042833003423], [-0.021453981895236476, 1.000108196170733, 14.83518664200092], [1.7393984679695845e-05, 1.3800934659343418e-06, 0.9907519279746627]], "6-B04": [[1.0085975198943526, 0.027354308672546804, -151.8156333553148], [-0.02067884022909814, 1.000158229055349, 13.804028720418918], [1.6333027408401416e-05, 1.4326237992581247e-06, 0.9902807790310476]], "0-B05": [[1.004633135881208, 0.04614242392843452, -187.48021688464758], [-0.02462482393596992, 1.0112656031399465, -46.181590345455774], [9.764273178824862e-06, 3.544897147213374e-05, 0.9773029126208079]], "1-B05": [[1.0043218636045204, 0.045152304104836886, -186.0429481617056], [-0.023401029134861414, 1.0115690893889797, -48.77535309062239], [9.075602000839568e-06, 3.633997133236503e-05, 0.9772508958969756]], "2-B05": [[1.0043717561003427, 0.044363447963024126, -185.72831214939995], [-0.022927815793840397, 1.0113883588662465, -47.592579882815606], [9.14984878668439e-06, 3.566678494196459e-05, 0.97761709129946]], "3-B05": [[1.004574021434341, 0.041874943064071045, -185.35308165034394], [-0.02034376907869263, 1.011463306380375, -49.36224961697674], [9.425698625594687e-06, 3.569867596023675e-05, 0.9773049030283655]], "4-B05": [[1.0043008983955661, 0.038776662419896905, -182.9625252696889], [-0.018818528522515667, 1.0106723485043114, -45.83869455902324], [8.81100859812501e-06, 3.297748537050854e-05, 0.978633547735188]], "5-B05": [[1.0050460150512557, 0.037678541405590696, -184.2441019796109], [-0.017335255168736317, 1.0106752014525793, -45.49091418466359], [1.0224044843778973e-05, 3.282998090699872e-05, 0.9785234921895563]], "6-B05": [[1.0048076248090223, 0.03902053206265887, -184.3214206865271], [-0.017194772831663967, 1.0116477423745522, -51.91361549852062], [9.742658732690985e-06, 3.6059883539769574e-05, 0.9769515034823978]], "0-G01": [[1.0180089474739564, -0.01958619970002157, -14.105760187294925], [-0.015301257344458509, 0.9719474508168692, 134.25376825282504], [2.6718549150147716e-05, -6.6970538985137e-05, 1.0010183947652198]], "1-G01": [[1.0180590881153555, -0.01972036053648908, -14.235853802466139], [-0.014478617954903787, 0.97241570165529, 132.13833476255374], [2.6766155318329674e-05, -6.598468288759117e-05, 1.0007934929886242]], "2-G01": [[1.0178320540111006, -0.02159096689619035, -13.09076638335881], [-0.013422213097536124, 0.9719962741789593, 133.06796192653474], [2.6381658294786036e-05, -6.693891156909435e-05, 1.001066164532827]],