{"0-B01": [[1.000823499654287, -0.0015809060706845938, -5.4027267860993895], [0.0036797167038278454, 1.0008789882287974, -7.539037639319482], [1.2429265047221701e-06, 2.5022967135936943e-06, 0.9982704552278293]], "1-B01": [[1.0004513226182403, -0.0006406267554196421, -3.465362121308378], [0.0026149168055252183, 1.0009188820026953, -6.335189986058781], [6.797151697498901e-07, 2.604638851981253e-06, 0.9988751602257226]], "2-B01": [[1.0000293795128539, -0.0003447350541599761, -0.8055342309761454], [0.0010744078815354947, 1.0003787396378507, -3.0436943571843442], [4.4671826902593195e-08, 1.069246985283237e-06, 0.9995017754474614]], "3-B01": [[0.9999999977414198, 2.4057770821990814e-10, 5.719526535104539e-07], [-3.19152423777939e-10, 0.9999999986035073, 1.6586545488969494e-06], [-2.863613513638738e-13, 6.830111971954376e-13, 0.9999999993527973]], "4-B01": [[1.0003535270032038, 0.0010631105046732126, 0.1452268621438918], [-0.0019063861901165255, 0.999446047661225, 4.17915997202442], [5.291894318556437e-07, -1.5443043632718305e-06, 1.0003885728407078]], "5-B01": [[1.0003802994637703, 0.0008278632607677147, 0.47962357828251395], [-0.00295002443167089, 0.9987489324627826, 8.189126870210139], [5.727154821930577e-07, -3.472799078366982e-06, 1.0006935916788344]], "6-B01": [[1.0011629085333027, 0.0028864380454191817, -1.2466889269104162], [-0.005163382408474331, 0.9984223177906744, 11.280886283007472], [1.7525845810518414e-06, -4.3421163561193215e-06, 1.0004265071921254]], "0-B02": [[1.010253557579113, 0.006282598257562083, -77.83213771490384], [-0.017351251766909402, 0.9888680683762819, 64.06212196831756], [1.703044649799081e-05, -2.847629471206359e-05, 0.9950688214987405]], "1-B02": [[1.0095088361094045, 0.007547939899435431, -74.13546949527375], [-0.019457105080002177, 0.9886201276028024, 66.38155548214158], [1.5826413680598028e-05, -2.8989005006047077e-05, 0.9959912395422846]], "2-B02": [[1.0093285127558511, 0.007630418095949257, -72.77304060067534], [-0.020056590180243257, 0.9883602098929065, 67.81591006993565], [1.5530146897670313e-05, -2.960202681266434e-05, 0.9962952441642423]], "3-B02": [[1.0094208909445388, 0.007521738752083739, -71.19461152331432], [-0.02168109224449798, 0.9871284857902872, 74.44209370367638], [1.5712205588287254e-05, -3.248547187123064e-05, 0.9972145097727672]], "4-B02": [[1.009640561659476, 0.008439668302526612, -71.54816762664673], [-0.02268273529763589, 0.9869388412317344, 75.95574130076339], [1.610610583415879e-05, -3.2856320125258216e-05, 0.9970827426407964]], "5-B02": [[1.0097624130157903, 0.00877812874894039, -71.6567034634692], [-0.023826662344392405, 0.9863093657280059, 79.1250367886379], [1.63491510250705e-05, -3.4304054462457915e-05, 0.9971080325827002]], "6-B02": [[1.0106834430623965, 0.010734982826969502, -73.64733030781608], [-0.02582456580597913, 0.9857597809553733, 83.177392274157], [1.7945024423402528e-05, -3.538476283243974e-05, 0.9967488335713582]], "0-B03": [[1.0108377154152575, 0.018728351606707203, -120.8585580385898], [-0.00914297602736727, 1.0016289453903513, -2.2416097248467417], [1.884545496850099e-05, 4.970158202585491e-06, 0.9835777701735547]], "1-B03": [[1.010411055036014, 0.0196358112424493, -118.05384641695315], [-0.010785870242423891, 1.0013112499390622, 0.2927741989586441], [1.8081457109228997e-05, 4.127505372959821e-06, 0.9842745121820982]], "2-B03": [[1.0100991637977121, 0.01945471298553903, -116.21013980865143], [-0.011681642127491407, 1.0007484292122926, 3.8995470978548203], [1.7536504537780186e-05, 2.561181298494705e-06, 0.985176215010417]], "3-B03": [[1.0104814349994198, 0.019958388177288722, -116.00134856359558], [-0.01313726012957139, 0.9999710253079316, 8.824627901555965], [1.8209715854231996e-05, 4.60568700642838e-07, 0.9855506986571336]], "4-B03": [[1.0106524317868717, 0.02084938036933507, -116.57551476501989], [-0.014430862624377682, 0.9996131394461721, 11.333604445152277], [1.8542011456738674e-05, -4.598567375977938e-07, 0.9853927017327682]], "5-B03": [[1.0109199986537505, 0.021022857530437318, -117.04731753933468], [-0.01561807364895953, 0.9988220904708734, 16.400996018563024], [1.9043931839738266e-05, -2.5704905563382718e-06, 0.9857326459357151]], "6-B03": [[1.0118129627276073, 0.02318539032274868, -119.86490854559732], [-0.017307265185499583, 0.9987007890233758, 17.65243312869422], [2.0655465043003646e-05, -2.759144994055927e-06, 0.9845162008575356]], "0-B04": [[1.0094559841524273, 0.029614991055456168, -157.77025762712617], [-0.020278579757046226, 1.0015294676891477, 6.250732640942063], [1.8019995640814845e-05, 5.348577006679296e-06, 0.9885274799058974]], "1-B04": [[1.0089387162941306, 0.030548100660287503, -155.69830889188862], [-0.02161169373758852, 1.0014519319217094, 7.224837303902993], [1.707698465308844e-05, 5.205623019949403e-06, 0.9889829409935748]], "2-B04": [[1.0086037488721558, 0.030691784935234355, -152.6331711283666], [-0.022790156894103995, 1.000881175708223, 11.222814248164125], [1.6446817263177287e-05, 3.64821169175671e-06, 0.9900962960261359]], "3-B04": [[1.0087493603445095, 0.030196166849702524, -152.16715076798042], [-0.023360628331116594, 1.0000923980029575, 15.158573433150156], [1.6731836297041685e-05, 1.4717635861914666e-06, 0.9906900940848812]], "4-B04": [[1.0090628449636982, 0.0320933980566351, -152.45697083489833], [-0.02551096402817203, 0.9996806502064344, 19.016927691274184], [1.7403127818651492e-05, 5.19208160648318e-07, 0.9906717167326505]], "5-B04": [[1.0094736960157422, 0.03201675694082171, -153.6138704704282], [-0.026498083667903634, 0.9987248562225157, 24.170096435262515], [1.823326929209395e-05, -2.0279105258780226e-06, 0.9908054781414098]], "6-B04": [[1.0104109547396625, 0.03482291936019034, -156.79868451426051], [-0.02849731791481447, 0.9987105655309252, 25.800718362099833], [2.0106599983027196e-05, -1.8085557970348992e-06, 0.9895603184334845]], "0-B05": [[1.005322258070804, 0.03956620429120284, -190.1011033863902], [-0.01661490506719263, 1.0121758117560298, -56.44227239730311], [1.0823474395488024e-05, 3.792692798745089e-05, 0.9756378570988431]], "1-B05": [[1.0048315134109516, 0.04042364137273759, -187.54032908372838], [-0.017502722465820665, 1.0123049010961245, -56.24661584668732], [9.854913425240394e-06, 3.836728645491545e-05, 0.9764463809888231]], "2-B05": [[1.004466991040891, 0.04077323965748102, -184.74088463148914], [-0.01881752398688607, 1.0117909416445485, -52.86964162812477], [9.150393717150874e-06, 3.675456134960209e-05, 0.9773827824231077]], "3-B05": [[1.0042230721415109, 0.04051502023467509, -182.76976294485954], [-0.01947747432415976, 1.011312166763765, -49.2569933942813], [8.678168948400336e-06, 3.5158392276101994e-05, 0.978454643954162]], "4-B05": [[1.0043762679304231, 0.04270321336311843, -183.10286921102897], [-0.02212993212959748, 1.0108906076741366, -44.31302077851797], [9.088180364466989e-06, 3.388564153485266e-05, 0.9786615134912472]], "5-B05": [[1.0046997638372803, 0.0423815447452292, -183.66410964390008], [-0.022596321488019957, 1.0102516844068865, -41.03185539758358], [9.746153950340512e-06, 3.190509495634916e-05, 0.9788033098102783]], "6-B05": [[1.0056722981961088, 0.044440609956848065, -186.2203188114099], [-0.02447041345374827, 1.0099038559643316, -36.699028838286125], [1.1756071398684795e-05, 3.0896441407834265e-05, 0.9783286721628643]], "0-G01": [[1.0191930394410256, -0.026185391041055685, -20.23858612125342], [-0.006462513079396516, 0.9729183347618693, 125.40855217337241], [2.841863206553126e-05, -6.521732534110464e-05, 0.9994119129005029]], "1-G01": [[1.018214893879547, -0.02528571745382308, -15.905647960818857], [-0.00845721837492751, 0.9726831744482333, 127.51666891033238], [2.6907095128068822e-05, -6.565366211550575e-05, 1.0001999730143716]], "2-G01": [[1.017932104753765, -0.02445142115726903, -14.457901650247411], [-0.009596381328461688, 0.9726472034033234, 128.16558150678827], [2.6473806296712186e-05, -6.571675805118112e-05, 1.0003575703619634]],