{"0-B01": [[1.0005703993036865, -0.001111286300477077, -2.3640708565298154], [0.0013730159174201889, 0.9999790539877726, -1.5056765517068293], [8.526552338629413e-07, -5.7317350270771084e-08, 0.9992138064625977]], "1-B01": [[1.000353418098472, -0.0006672656996964514, -1.6613288659229875], [0.0009358853657538798, 1.0000437517110432, -1.2231104157622366], [5.279088349422164e-07, 1.2384466023557142e-07, 0.9994763705508929]], "2-B01": [[1.000202708994057, -0.0002922380694246208, -1.0902243398847526], [0.0005151055539855781, 1.0000616688173083, -0.9771901501348802], [3.0245574366041395e-07, 1.7365712217360136e-07, 0.999506417478783]], "3-B01": [[0.9999999972935985, 6.834395165378412e-11, -5.483771463545821e-09], [3.9357002796888106e-10, 0.9999999995318576, -1.9287316935410867e-06], [-9.376141135867555e-14, -5.360751774286027e-13, 0.9999999977323868]], "4-B01": [[0.9998768109564918, -0.00022737346495514714, 0.5950559111174524], [-0.00016599646328580231, 0.9998257383977883, 1.036857838429021], [-1.8345319483002342e-07, -4.88861422693054e-07, 1.0002018480673363]], "5-B01": [[0.9999710548665184, 3.081445915486034e-05, 0.38192527851344993], [-0.0007127151095227605, 0.9996444985835137, 2.2804610914343177], [-4.2729944245700026e-08, -9.954925118544355e-07, 1.0001880234523777]], "6-B01": [[1.0002597181297774, 5.8982159051429734e-05, -0.5218649062540668], [-0.0005384997247402132, 0.9996700940043094, 2.3522761704319595], [3.8716288809240153e-07, -9.229354008118826e-07, 0.9996534294067656]], "0-B02": [[1.0087760564192192, 0.007723822875547292, -69.90016498632323], [-0.02049549687977913, 0.9884028047386002, 67.7646938519467], [1.4609125401261903e-05, -2.951018744672825e-05, 0.9971476060438956]], "1-B02": [[1.0085630263321956, 0.007991082858759446, -69.09832241403414], [-0.02087547171813828, 0.9884138158350465, 67.9925237865225], [1.4267735936797862e-05, -2.9462052927769582e-05, 0.9973498686921646]], "2-B02": [[1.0082618017049092, 0.008109041144372657, -68.08920790132429], [-0.021186972079856044, 0.9884120901821568, 68.21276872644259], [1.378142934441489e-05, -2.9456044821963453e-05, 0.9976809571227258]], "3-B02": [[1.0080918346511265, 0.008222243652870512, -66.76272354674397], [-0.021545814211448633, 0.9883128063860356, 69.32845761399481], [1.3502891904088676e-05, -2.9653758407823497e-05, 0.998230509246653]], "4-B02": [[1.0079579672443388, 0.008270535382714468, -66.29177261668536], [-0.021674253558812796, 0.988315238974058, 69.44110549773387], [1.328367926111436e-05, -2.9634606611728837e-05, 0.9981623622721303]], "5-B02": [[1.0080947382786565, 0.008434756701259769, -66.5815297560787], [-0.022347372310750697, 0.9878970044879342, 71.59567487078485], [1.3534147588762517e-05, -3.0615264054716085e-05, 0.9982619213098515]], "6-B02": [[1.0083479286932855, 0.00829834763322664, -67.46594246530026], [-0.02212283901468603, 0.9878549917529438, 71.42842766826344], [1.3938568894407584e-05, -3.072878687555331e-05, 0.9976013875309602]], "0-B03": [[1.0085376309476608, 0.017453154530311266, -110.14793276507658], [-0.011399487845627025, 1.000320650189652, 4.926273737540294], [1.4781944712279787e-05, 1.2945633797366164e-06, 0.9874701206652863]], "1-B03": [[1.0082613242291032, 0.018825590249684717, -109.09739930410554], [-0.012546294130790817, 1.0005368307475833, 5.146081275837357], [1.431986577002139e-05, 1.9510342882073616e-06, 0.9877828891033498]], "2-B03": [[1.008008475246651, 0.019044578043988784, -108.12692668381536], [-0.012785418433946155, 1.0006169899333193, 5.023222007326359], [1.3879817378408009e-05, 2.1811631210318924e-06, 0.9879626768536097]], "3-B03": [[1.0077214636267557, 0.018801960540798673, -106.3076603175598], [-0.013001289769518908, 1.0004425273995656, 6.482894421729739], [1.3371914058949825e-05, 1.6884472475105438e-06, 0.9887343247668438]], "4-B03": [[1.0076680486939429, 0.018865750542830212, -106.30521330380641], [-0.01310108890415001, 1.0004398234975587, 6.300343658032028], [1.328122187612292e-05, 1.6848313727332015e-06, 0.9884981424957047]], "5-B03": [[1.0077597941573144, 0.01885264143298796, -106.37410690180018], [-0.013516460707120714, 1.0001298828436196, 8.21485381884291], [1.3447234313668888e-05, 8.359988121877254e-07, 0.9885526182872453]], "6-B03": [[1.0079768671268827, 0.01961225244693423, -107.13803624881375], [-0.013993269122730677, 1.000204938595856, 8.291273886574619], [1.3836454023628283e-05, 1.078947905717091e-06, 0.98830255166415]], "0-B04": [[1.0062438706331676, 0.030376879191457144, -142.66669521893408], [-0.02469954517097693, 1.0004247162994682, 14.448523431216087], [1.2067284679909242e-05, 2.384568452827639e-06, 0.993897777141647]], "1-B04": [[1.0059605848456217, 0.030878865019913684, -141.80911587391782], [-0.025301921163877663, 1.000460285911529, 14.67703392926319], [1.1567641740049018e-05, 2.5200871631209067e-06, 0.9941446736661492]], "2-B04": [[1.0056397485173847, 0.030697699671756406, -140.01603253836555], [-0.025478461610462168, 1.0003642816499871, 15.662535359806505], [1.0968054182848836e-05, 2.2434812734097576e-06, 0.9948293568536496]], "3-B04": [[1.0053723044332348, 0.0306390630847903, -138.56327875641077], [-0.025602264320795518, 1.000360969181638, 15.963968695326388], [1.0468193617081934e-05, 2.2287927012094554e-06, 0.9953080586583798]], "4-B04": [[1.0053598144850098, 0.030935267830813358, -138.3883838421887], [-0.026185078160908867, 1.0001545879279592, 17.457122230751203], [1.0471600608142388e-05, 1.6946546793885695e-06, 0.9954244153438271]], "5-B04": [[1.0056482915542593, 0.03083079191782941, -139.36152963928146], [-0.02600689448372024, 1.000079942841375, 17.785159141757003], [1.099788198691707e-05, 1.484838538667731e-06, 0.9949882647220274]], "6-B04": [[1.0059199623613921, 0.03072861893656341, -140.26922872647742], [-0.02619815887380556, 0.9997566365537911, 19.393638774455276], [1.1512230748296543e-05, 6.086640738723755e-07, 0.9946468045680595]], "0-B05": [[1.0013125943315244, 0.03858597900130995, -170.73425666627648], [-0.020688417008258162, 1.0104544833047018, -45.076115969568015], [2.9768297848100626e-06, 3.241344053121938e-05, 0.9829129762092159]], "1-B05": [[1.0010746963768946, 0.040103851895014975, -169.70717357122533], [-0.02201706187846766, 1.0106233327273737, -44.258696974437775], [2.5664607338903816e-06, 3.297598626111281e-05, 0.9834702417290888]], "2-B05": [[1.000781863539231, 0.03941550869872472, -167.88287685265107], [-0.021721632886253027, 1.0104939864980045, -43.96666069229848], [1.980174438839234e-06, 3.254953550989488e-05, 0.9842378918818304]], "3-B05": [[1.0004217167407912, 0.040623683589595186, -166.5441495349614], [-0.0230044208306553, 1.0105587231678577, -42.546281952216034], [1.3344539737437467e-06, 3.274749001446538e-05, 0.984692603800422]], "4-B05": [[1.0007813395972234, 0.0397974309975846, -166.78711546461943], [-0.021779504754319706, 1.0106948777076143, -43.757160985528415], [1.977680728499481e-06, 3.310299192257718e-05, 0.9844078667680811]], "5-B05": [[1.0005087908918577, 0.040305511140072164, -166.10448172157956], [-0.022965541075147634, 1.0103548991518359, -41.31936539690603], [1.500445794074139e-06, 3.2076504256695226e-05, 0.9848821577494778]], "6-B05": [[1.000795422906775, 0.040802374616626606, -167.46345108042618], [-0.023259067987778166, 1.0103681272993923, -40.933127425261446], [2.0718310693727484e-06, 3.2121541446184864e-05, 0.9842481162011495]], "0-G01": [[1.019555534272042, -0.023455304859288765, -19.305381711503976], [-0.008913891953735546, 0.9731286962127546, 125.18375639065884], [2.8906363302509486e-05, -6.479055710196912e-05, 0.9984061958986885]], "1-G01": [[1.0192432950949242, -0.02240315411476199, -17.932378049810495], [-0.009670539821283772, 0.9734548654225161, 124.8914917378085], [2.842737681926867e-05, -6.398025170177321e-05, 0.9986608527231419]], "2-G01": [[1.0189747278345376, -0.022175938022517817, -17.070788233844574], [-0.010258826561647536, 0.9733448184829862, 125.4972868504946], [2.8030436510579013e-05, -6.422815041091874e-05, 0.998939639684007]],