{"0-B01": [[1.000746750657638, -0.007355126717859308, -2.595514192047563], [0.006478758049145456, 0.9992981856515981, 0.3695697109167925], [1.1462867210186793e-06, -1.9040975309712351e-06, 0.9997007149417074]], "1-B01": [[1.0005565660428264, -0.005234758302522864, -1.8907903089399174], [0.005116175322592486, 0.9997700167333452, -1.7528256076525965], [8.500108076647143e-07, -6.116342435319567e-07, 0.9997175352326828]], "2-B01": [[1.000243925175565, -0.0007401010496271871, -1.8028657393685785], [0.001583362076323971, 1.000379261839094, -3.133745557154383], [3.656565812714224e-07, 1.0707316832599712e-06, 0.9987110803201413]], "3-B01": [[0.9999999979760783, 4.671125372393499e-11, 1.0319166065453166e-07], [-5.23982436403842e-10, 0.9999999988649808, 1.5495633530499706e-06], [-3.921274155356257e-13, 6.43931719530019e-13, 0.9999999991771567]], "4-B01": [[0.9990297912967003, 0.004252066947464285, 3.1986287067243135], [-0.0037535575215177676, 1.0005188509190721, -0.5766807656752089], [-1.4320667046834014e-06, 1.4795362795408477e-06, 1.000674375396394]], "5-B01": [[0.9983737542627286, 0.006107538826764547, 5.051171349176844], [-0.0056756438312869995, 1.00065012504596, -0.4808010369603903], [-2.3911491484629144e-06, 1.871983507144194e-06, 1.0009265829816634]], "6-B01": [[0.9963556288083754, 0.00947040784863585, 11.298345537893653], [-0.009692210421856312, 1.000816718603926, 0.46195849004021194], [-5.323978548532135e-06, 2.4050595897815653e-06, 1.0027371078980805]], "0-B02": [[1.0102634881669474, -0.0009027086935868901, -75.01837815959135], [-0.012652360267241397, 0.987286503311745, 69.49123531715341], [1.6876864680532537e-05, -3.249399217445999e-05, 0.9965030388431333]], "1-B02": [[1.01021441586679, -1.6950670973136395e-05, -75.34619938191429], [-0.0141764425795637, 0.9868640233268348, 71.47417174167825], [1.683709357623898e-05, -3.3494011361122e-05, 0.9961257389117842]], "2-B02": [[1.0103801914526565, 0.0061541859158937215, -75.82707118584283], [-0.01767911191410603, 0.9885039890944851, 66.93966518540121], [1.7194565823844604e-05, -2.9268976454221772e-05, 0.9954256405174443]], "3-B02": [[1.0097911901817085, 0.0069225789696397205, -74.44977421290116], [-0.01915245652864276, 0.9883120116041412, 67.2411300565015], [1.6263617240941975e-05, -2.976481771520989e-05, 0.9952893877283148]], "4-B02": [[1.0093518817217701, 0.009679249372895852, -71.55536189652597], [-0.022711007549699028, 0.9878642617771044, 72.07908900478556], [1.5643400238174176e-05, -3.060255425673748e-05, 0.9969186935341411]], "5-B02": [[1.0086681467000589, 0.011670497626019754, -69.6585600351458], [-0.024537107212656648, 0.9882540261604095, 70.7145467352709], [1.458128857290069e-05, -2.959131498640959e-05, 0.996985360524987]], "6-B02": [[1.0072538641493343, 0.015075116823571192, -64.51867677151718], [-0.02886601735923289, 0.9881499556467299, 73.25745858065918], [1.2434677711551738e-05, -2.9609955701379594e-05, 0.9987416514405192]], "0-B03": [[1.011093769381168, 0.011717988778173287, -119.68232130964715], [-0.004587858075718822, 1.000081982043068, 3.156416241574802], [1.9201603277165437e-05, 4.1344369545360445e-07, 0.9843644445393088]], "1-B03": [[1.0114971942920326, 0.013735541548640455, -120.5299586682412], [-0.006181631064761969, 1.0001547587382877, 4.509347835365828], [1.9922315377932967e-05, 6.811867914374136e-07, 0.9844308647400564]], "2-B03": [[1.0109258397910312, 0.019153127424909964, -119.99256348401477], [-0.009805249001715984, 1.0014391992770497, -1.0897734022156678], [1.8965752809304673e-05, 4.4599240643775974e-06, 0.9830345077770709]], "3-B03": [[1.0108729464169819, 0.018871507614651648, -118.77128225900827], [-0.011027686453702367, 1.000497720451181, 4.867668509926103], [1.8883624087828964e-05, 1.842742600152964e-06, 0.9842172029553641]], "4-B03": [[1.009970448654889, 0.023328763580390682, -115.83631619065007], [-0.014916565002057606, 1.0011108519415843, 3.422257943774182], [1.7371967334107124e-05, 3.7709948218943623e-06, 0.9846557013831251]], "5-B03": [[1.0095199051545851, 0.0251716304158062, -113.81093949156838], [-0.017110404169296496, 1.0010055800081443, 5.5015383967043645], [1.6635772626760492e-05, 3.591983750099823e-06, 0.985700292478422]], "6-B03": [[1.0078739852733323, 0.028786473851974404, -108.04487185329141], [-0.021222195871421705, 1.001205756516706, 6.248431954211271], [1.388536239055393e-05, 4.391193483277063e-06, 0.9874244654085812]], "0-B04": [[1.0098159746962079, 0.022964666468430962, -156.50690446249692], [-0.015693041510056523, 1.0001576693675838, 10.8791971774985], [1.8500662721806343e-05, 1.1417019723231987e-06, 0.9895332711916556]], "1-B04": [[1.0099816953938767, 0.024155607361965377, -156.65778846263976], [-0.01716083802566874, 0.9998407738472338, 13.81830052244783], [1.8854118200300746e-05, 3.5582685611949195e-07, 0.9897514522089749]], "2-B04": [[1.0095937810303366, 0.030825710822592077, -156.65705049565673], [-0.02121857356073962, 1.0016107204364975, 6.932245488345799], [1.8262293859550563e-05, 5.653612846178424e-06, 0.9882431817927481]], "3-B04": [[1.0095093568485183, 0.02959133212787424, -155.7664152267207], [-0.021677848186822214, 1.0005179773545818, 12.1549102041405], [1.811386422287306e-05, 2.5760724521238695e-06, 0.9888889948257829]], "4-B04": [[1.0088961978623463, 0.03484342730416479, -153.0758827558114], [-0.026160975314250087, 1.0011110022425909, 12.325924562968359], [1.7134214772464457e-05, 4.615030718046671e-06, 0.989920494381724]], "5-B04": [[1.0082922205069096, 0.035773237573894175, -151.27729665488587], [-0.0277138793653777, 1.0009070507542124, 13.717256719662737], [1.6074107062435356e-05, 4.147128313830617e-06, 0.9902936819100802]], "6-B04": [[1.0069743428044131, 0.03991098449246918, -145.9024620813221], [-0.032215087651693425, 1.0010393696591302, 15.28576633979617], [1.3828184654273858e-05, 4.904999770832505e-06, 0.9923822725825845]], "0-B05": [[1.005560314453999, 0.03302019645815797, -187.6349082879826], [-0.011679524694625113, 1.0112902699714665, -52.19749356700125], [1.1120780854870061e-05, 3.451113505671291e-05, 0.9771658314575828]], "1-B05": [[1.005017122404242, 0.033890837658922326, -186.1393171828861], [-0.01350574088277247, 1.0108505613080028, -49.81454236794034], [1.0084930488934298e-05, 3.323619721519485e-05, 0.977567277796186]], "2-B05": [[1.00559866064784, 0.03936134741198987, -188.53747092890987], [-0.016358443575593226, 1.0121142244142478, -54.36391987320439], [1.1319604075682804e-05, 3.75320631436035e-05, 0.9758171787522392]], "3-B05": [[1.004905091292386, 0.040362378867863376, -186.88567755082374], [-0.018212117058657287, 1.0117638294543692, -53.46682555691904], [1.0006108167816567e-05, 3.66551505609678e-05, 0.9761343398037322]], "4-B05": [[1.0047090895083604, 0.04317126721006574, -184.34341791967867], [-0.021324086736332924, 1.0115526267743487, -48.433296610706826], [9.71238712224276e-06, 3.6022130982011887e-05, 0.9778875695442217]], "5-B05": [[1.0042732483624675, 0.045626289229691475, -183.90753376595273], [-0.023506527863914436, 1.0117690094156497, -49.61228071463917], [8.949691612555566e-06, 3.6999977625247936e-05, 0.9774793180096437]], "6-B05": [[1.0030322780525773, 0.0492585083307088, -178.67261417058089], [-0.02753811690824169, 1.011806414922027, -47.01283891600106], [6.682419778428777e-06, 3.739740732841321e-05, 0.9796456843379073]], "0-G01": [[1.0183435695999632, -0.03445460008839411, -15.647246168553275], [-0.00204512728200093, 0.9705620412533996, 132.65512763726716], [2.7022778607241218e-05, -7.013897055356673e-05, 1.0009196467084855]], "1-G01": [[1.018614389472761, -0.03261149775774365, -16.398613754561378], [-0.0032766774811218537, 0.9708913803330257, 132.03557088175486], [2.7432447484288977e-05, -6.942907670746733e-05, 1.0003541944486851]], "2-G01": [[1.0186912503780634, -0.02834876888582231, -15.803318147911648], [-0.0061604924940547, 0.9718785539489475, 130.21569409289367], [2.755063070107209e-05, -6.726190255173634e-05, 1.000323259853769]],