{"0-B01": [[1.0007230134060583, 0.0007126697586111212, -2.414081640167874], [0.00098168310098858, 1.0006922582972575, -5.637321405910399], [1.0786632377775033e-06, 1.9617521773413476e-06, 0.9984696715381152]], "1-B01": [[1.0004913574102308, 0.00013318989743466462, -1.6545262847306408], [0.0011609584027952083, 1.0005462109555088, -5.043940203527848], [7.333329839994638e-07, 1.5472051403886134e-06, 0.998794792803472]], "2-B01": [[1.0002203375671674, 0.00015942200812798406, -0.7843261556797179], [0.00021150949284852067, 1.0001348023558736, -1.1074756650812057], [3.2842072901979105e-07, 3.792846296194818e-07, 0.9995382250267414]], "3-B01": [[1.0000000002360039, 3.760028064294971e-11, -3.82086827246405e-08], [-2.5647334869304935e-12, 1.0000000000520244, 1.600435808230833e-07], [8.430801008345199e-16, 6.030579984574812e-14, 1.0000000001830518]], "4-B01": [[0.9994101728833255, -0.0007326226487610935, 2.0584321072489855], [-0.000865018268900154, 0.9993149993295601, 4.561042693671659], [-8.777135842657923e-07, -1.9124509572454314e-06, 1.0011838564310405]], "5-B01": [[0.9990633881235073, -0.00018134368144525118, 3.0229090887584236], [-0.0013164112078290593, 0.9994659308958936, 4.985615902896097], [-1.3926786410382363e-06, -1.4882805498970543e-06, 1.0014223887016271]], "6-B01": [[0.998825706568057, 0.00018821786198638764, 4.194091649247066], [-0.0022907250844467096, 0.9992073286279799, 7.611847632146086], [-1.742693561320171e-06, -2.1989126101696874e-06, 1.0020313580774998]], "0-B02": [[1.0088107999407843, 0.008129846168886172, -69.2134365869286], [-0.02053730312216513, 0.9887228839281011, 64.73021817066048], [1.4645132969810352e-05, -2.8851742863458825e-05, 0.996934857465855]], "1-B02": [[1.0087695524439586, 0.008480057685662203, -68.987864279605], [-0.020510961734524737, 0.9889751313120158, 64.03927486927066], [1.4574845429827202e-05, -2.8199502256376e-05, 0.9970534522245664]], "2-B02": [[1.0084776027405602, 0.008256323189691874, -68.07266479199073], [-0.021480065475665357, 0.9882399807056104, 68.79906490195594], [1.4135742101254792e-05, -2.9885556692681955e-05, 0.9977386924301227]], "3-B02": [[1.0082615479160113, 0.008550834332027331, -67.47300027742276], [-0.021807121926353628, 0.9882866280924956, 69.17597509104995], [1.37938883461616e-05, -2.972572155329559e-05, 0.9979662460533685]], "4-B02": [[1.007729790748739, 0.007743692729669798, -65.30669243017128], [-0.022531515950190227, 0.9874598529584679, 73.91054703423913], [1.2946187495814813e-05, -3.166663300751733e-05, 0.999124293419743]], "5-B02": [[1.0079430623914973, 0.008078823438550991, -65.32622383154303], [-0.022623888687989376, 0.9875116201488527, 74.3200421163995], [1.3287068163555063e-05, -3.147608246068491e-05, 0.9989485978243832]], "6-B02": [[1.0070116744491475, 0.008576529872004208, -62.82187695640346], [-0.02410812530634424, 0.9871792218257531, 77.44919654184265], [1.1829028899423395e-05, -3.214775653912665e-05, 1.0001354554491042]], "0-B03": [[1.0083705027556382, 0.018767108484181443, -108.62685562379752], [-0.01210404415889679, 1.0007563972672118, 1.9156784384667411], [1.4479426329552385e-05, 2.5661032143853033e-06, 0.9876487177956607]], "1-B03": [[1.0079432801079808, 0.01901967988558164, -107.95645340731302], [-0.012716583720144867, 1.000679626297791, 3.2944234929740226], [1.376335373880037e-05, 2.360899208930164e-06, 0.9878873509312446]], "2-B03": [[1.008070758777811, 0.018896827021194162, -107.66936032879178], [-0.013048567826775884, 1.0003398599895992, 6.087821624945465], [1.3986936722886559e-05, 1.4156745940225866e-06, 0.988488354824183]], "3-B03": [[1.0078774909686163, 0.019566849453848158, -107.35102893763755], [-0.013679856696517364, 1.0004193273243882, 6.4101398419822555], [1.3670516928489085e-05, 1.6656883448023448e-06, 0.988566421872278]], "4-B03": [[1.007283224919272, 0.018930075996441684, -105.07632219158478], [-0.014325971801431747, 0.9998386025344754, 10.79603317091434], [1.2654813578579424e-05, 4.69298413800229e-08, 0.9897881125839484]], "5-B03": [[1.007003761816231, 0.018744917881910596, -103.81332157358382], [-0.014431097951915614, 0.9997652106694688, 11.661328616584854], [1.2168305880723912e-05, -1.613656002919044e-07, 0.9903166295639392]], "6-B03": [[1.0066513952189184, 0.019189467231534096, -102.45817083601735], [-0.015515937107187114, 0.999473330762439, 14.61884032589898], [1.1585082810913217e-05, -9.245087332733282e-07, 0.9909490332445057]], "0-B04": [[1.0059981928406643, 0.030058404631347003, -141.42983554179077], [-0.024303596209794453, 1.0006145658516938, 11.069327504987184], [1.157245743682112e-05, 2.890446246657619e-06, 0.9934184059136841]], "1-B04": [[1.0062169604002276, 0.030947141280810244, -142.23782184078107], [-0.0246186583164648, 1.0008724009746717, 10.414860212697812], [1.1995232115362593e-05, 3.662322784528863e-06, 0.9932087381728986]], "2-B04": [[1.0058083831400877, 0.030768714835718216, -140.8020645727825], [-0.025660691738426944, 1.0002128941587902, 15.5590839397454], [1.1291353806417854e-05, 1.8441811908562516e-06, 0.994352847066698]], "3-B04": [[1.0055965286854909, 0.0321041440507678, -140.6232067725363], [-0.02675423158160312, 1.0004112405113763, 15.893522618934146], [1.0956980785805161e-05, 2.485030648260084e-06, 0.9943271636065396]], "4-B04": [[1.0051546990380915, 0.031132562270095115, -138.30783512035757], [-0.026940882004641054, 0.9998431330312313, 20.088098572725084], [1.0139944204872362e-05, 8.719178953070715e-07, 0.9956613236938258]], "5-B04": [[1.0048382873371966, 0.030911138451204242, -136.94902718296711], [-0.027212411639918277, 0.9996527727842323, 21.28969179508313], [9.564242063415204e-06, 3.448947644375941e-07, 0.9962950930180303]], "6-B04": [[1.0044733658369285, 0.031651918513608164, -135.4566191533178], [-0.028449216570600958, 0.999431366500695, 24.251974138636765], [8.951249657450994e-06, -1.8290587898398183e-07, 0.9971126746488911]], "0-B05": [[1.001162588020938, 0.04003102809712537, -169.12436394889176], [-0.021512432388124437, 1.0107848473954335, -47.671639182919165], [2.711026513446356e-06, 3.3678966758242706e-05, 0.9830850159290538]], "1-B05": [[1.0012909766250917, 0.03866182335689175, -168.80506928603108], [-0.020244391496422598, 1.010710936002684, -48.14912052505583], [2.9072799987140036e-06, 3.3374981453845484e-05, 0.9833529934966789]], "2-B05": [[1.0011224766187956, 0.04056799833083025, -169.43794218084224], [-0.02173218639774283, 1.0110091152206537, -47.810771186023345], [2.6435605498232473e-06, 3.433737745574094e-05, 0.9828501007398601]], "3-B05": [[1.0009412310965875, 0.03984759798705871, -168.12855461745087], [-0.02219132595867597, 1.0103857535140608, -43.18571932835999], [2.309987932913364e-06, 3.225238776136119e-05, 0.9843185051563446]], "4-B05": [[1.0005344405123529, 0.04019837510348575, -166.89053460920005], [-0.02297772849268135, 1.0102742846959911, -41.37834279038007], [1.5528236985279696e-06, 3.1857351781932594e-05, 0.9847654411166591]], "5-B05": [[1.0002590246221943, 0.040111521736804524, -165.05272495621887], [-0.02347977406133059, 1.0100445154546476, -38.007547749314014], [1.0389601570527917e-06, 3.0995922851665803e-05, 0.9859140685735689]], "6-B05": [[0.9999319946425069, 0.039711031436941706, -164.0156023730416], [-0.02362662875461523, 1.0098422368350963, -36.83290425657578], [4.109981341515719e-07, 3.0336760276763358e-05, 0.9863675415711627]], "0-G01": [[1.0195000112415658, -0.02208525417889182, -17.603066364916586], [-0.00959527566090865, 0.9738284319298641, 121.95276619632153], [2.8776664702349874e-05, -6.345559519901686e-05, 0.9986985944237178]], "1-G01": [[1.0192750264053347, -0.021456611153020683, -17.377509796817165], [-0.009992429905643562, 0.9740238443655775, 121.89089106174718], [2.8457004272107826e-05, -6.293576624656771e-05, 0.9987521855956061]], "2-G01": [[1.0191002511124516, -0.02168474296368474, -17.04988327803674], [-0.010213513402524124, 0.9737293047747982, 123.6048259991961], [2.820433429217503e-05, -6.347989757687596e-05, 0.9988793793507352]],