{"0-B01": [[1.000163877666105, 0.0030422441013320724, -1.46593946025252], [-0.0016687242295495759, 1.0006784986292656, -0.4494460629367259], [2.4651027669313516e-07, 1.908719862739251e-06, 0.9991719282111285]], "1-B01": [[1.0001109630663716, 0.002074562890306204, -0.8776794429088235], [-0.0014114405951859308, 1.000317483567673, 0.7379265760646472], [1.6692104394895628e-07, 8.931585952240164e-07, 0.99949076151325]], "2-B01": [[0.999900098931485, 0.00047780878254383705, -0.24209207936071628], [-0.0005302312920078129, 0.999999492340138, 0.6352465288776494], [-1.4868255642365966e-07, -1.1057182599208114e-09, 0.9996729697473602]], "3-B01": [[1.0000000012349817, -3.102653144070068e-10, -3.1056701620966197e-07], [6.4484634542125685e-12, 1.0000000004431313, -7.533516456354643e-07], [3.838906131043448e-15, -4.698961657440395e-13, 1.000000000791635]], "4-B01": [[1.0004680400973927, -0.0007441802841927455, -0.8451079765908825], [0.0014510287947722227, 1.0002439036939799, -2.2725111543095182], [6.98951361636942e-07, 6.886757869312647e-07, 0.9996821599014158]], "5-B01": [[1.0003062610823108, -0.0002529038119194358, -1.5963877475871513], [0.0015465825583985998, 1.0005981225586262, -5.1357253523382], [4.5829392966589365e-07, 1.6936807324511248e-06, 0.998614904776716]], "6-B01": [[1.0009422254599758, -0.0009870173166192679, -3.2637248662686593], [0.0033957931724098098, 1.0010039880091597, -9.539704113987035], [1.4135042735828152e-06, 2.867035271498292e-06, 0.997717135137963]], "0-B02": [[1.0097777923380777, 0.010874058931841294, -74.05988155728329], [-0.022902893618512013, 0.988225905714676, 72.31656550875874], [1.6373668513335852e-05, -2.952434178662467e-05, 0.9957378685326939]], "1-B02": [[1.009621826582237, 0.009291198756788549, -72.9401581319176], [-0.02221335637985991, 0.9877782031419206, 72.92216621672101], [1.6078700107996358e-05, -3.0755919674830695e-05, 0.996214926350199]], "2-B02": [[1.009743316241059, 0.0093725246420182, -73.49237872311268], [-0.021890248276486626, 0.9880088949993494, 71.58323693899945], [1.6266055965181765e-05, -3.0215982193352405e-05, 0.9957492015401012]], "3-B02": [[1.0096696515088932, 0.008076034386062267, -72.77081246789295], [-0.02103039510565246, 0.9878133091972958, 71.41376722287306], [1.6106550929974148e-05, -3.0808625890858314e-05, 0.9961864632723266]], "4-B02": [[1.009610553074212, 0.006636472155342701, -72.19348249618218], [-0.020272194931013853, 0.9874348941951517, 72.15786870870684], [1.59778475234222e-05, -3.1827722092376146e-05, 0.9965419557187617]], "5-B02": [[1.0100783824236115, 0.007323280267720979, -73.97128112062893], [-0.019341339878459537, 0.9883759106686355, 66.59800876262783], [1.671722826332978e-05, -2.964112401863927e-05, 0.9955150811090392]], "6-B02": [[1.0104070776693688, 0.007168929724888171, -75.14578901806776], [-0.018404319983176893, 0.9887888343320993, 63.93640801029008], [1.7228077720228567e-05, -2.8687554200781524e-05, 0.9947992803082241]], "0-B03": [[1.0108644724559352, 0.02233123974350459, -119.01210735254132], [-0.013458368726812114, 1.0010625409099028, 5.142303223434122], [1.892161966597653e-05, 3.559542155634851e-06, 0.9839352432113785]], "1-B03": [[1.010739339328334, 0.020619210553611145, -118.05683949895847], [-0.012593884897098007, 1.0006220123034582, 5.673877500326799], [1.8673048909151867e-05, 2.2695450794559136e-06, 0.9844759112743773]], "2-B03": [[1.0107134151708645, 0.02063781630678614, -118.08590354950432], [-0.01264100641281588, 1.000610842380501, 5.951678277045269], [1.8631069421067173e-05, 2.2386299415656695e-06, 0.9844461469221841]], "3-B03": [[1.010635637360019, 0.01855619117121957, -117.19747255309883], [-0.011384635027214002, 1.000175939436709, 6.060320056011344], [1.845596859678915e-05, 9.485563868277003e-07, 0.9848966275880309]], "4-B03": [[1.0108049199025395, 0.017975624474161025, -117.48559747048652], [-0.010526218240983777, 1.0003062171449897, 4.663444799010824], [1.872768649242402e-05, 1.2782984303918132e-06, 0.9846499328848425]], "5-B03": [[1.0111083493249728, 0.018909855359189667, -119.44200443118727], [-0.009680411313731204, 1.0013150305814493, -2.099854967507846], [1.92512240921438e-05, 4.121294550513876e-06, 0.9830320308534402]], "6-B03": [[1.01148562900427, 0.018550784870265253, -120.83164234548069], [-0.008822349440592521, 1.0014972296931957, -4.023938498533779], [1.9902245209155146e-05, 4.620192086981546e-06, 0.9823757126367945]], "0-B04": [[1.0092944031155597, 0.033216330344728685, -155.45672772585735], [-0.024821374550955774, 1.0007854395198628, 14.2345150270719], [1.784931423681094e-05, 3.5782749804362427e-06, 0.9888726562767658]], "1-B04": [[1.0092024519282634, 0.03237183384112004, -154.55258784389534], [-0.024494503046628032, 1.000506484177711, 15.017085614493837], [1.7650876342222912e-05, 2.758285065665382e-06, 0.9894599538117006]], "2-B04": [[1.009024336039092, 0.03172066822965983, -154.54055969263183], [-0.02432562711955266, 1.0002846432605872, 14.814489618390668], [1.7316816536430472e-05, 2.1119610601399888e-06, 0.9891859288006378]], "3-B04": [[1.0090511153368293, 0.03006318968531631, -153.5410856756375], [-0.023050406179580634, 1.0000845987014837, 14.61728915519996], [1.7288785158960873e-05, 1.4409991259695778e-06, 0.9897529687638913]], "4-B04": [[1.0093453636598955, 0.02964926777189944, -154.06923397914488], [-0.022438283613775388, 1.0001064228413694, 14.302447673299964], [1.781036631263318e-05, 1.4675232758822718e-06, 0.9897527748589787]], "5-B04": [[1.0096148404233758, 0.030025506318683046, -155.61116179282268], [-0.021368502083504184, 1.0009960468147334, 7.535313219112909], [1.827398958122349e-05, 3.9332544698612335e-06, 0.9883745944025559]], "6-B04": [[1.0099304036923005, 0.029378845549327605, -157.0082531339841], [-0.02037420481563565, 1.0011254255811979, 5.540903438753646], [1.8834876179040372e-05, 4.24822783555125e-06, 0.9875405005358485]], "0-B05": [[1.0046674444811134, 0.04433504279935635, -186.13320513541817], [-0.022293478707954343, 1.0117163538692513, -47.15325942537578], [9.698922252189196e-06, 3.645242549646026e-05, 0.9771163884677988]], "1-B05": [[1.0046331211440767, 0.042806213663344465, -185.3643404121935], [-0.021366031973044045, 1.0113743443395782, -46.9077714802893], [9.583886398931027e-06, 3.536191421343202e-05, 0.9775489133785111]], "2-B05": [[1.004567752834434, 0.04219006275952465, -184.61097092526649], [-0.02092359886644062, 1.0112827490326093, -47.616737184812045], [9.42711123890047e-06, 3.5116690334713344e-05, 0.977739748370959]], "3-B05": [[1.0045176813641965, 0.042079307220048524, -184.81419808703603], [-0.020588142139018734, 1.011458020140002, -48.68296442686341], [9.317809645310217e-06, 3.5649374806777524e-05, 0.9774650461935507]], "4-B05": [[1.004571152357051, 0.039958964660766365, -183.81403751193682], [-0.019373778047137698, 1.0109025800836935, -47.429922456468695], [9.365688611793449e-06, 3.385330812998661e-05, 0.978319447825504]], "5-B05": [[1.0052461548934082, 0.03879053145425657, -185.74149180547258], [-0.01692557789347337, 1.0114419034204323, -53.76706605782428], [1.0608389588287797e-05, 3.56778987039839e-05, 0.9769410918651703]], "6-B05": [[1.0050768462744393, 0.04104264251950876, -186.58539834720648], [-0.0183179763044888, 1.0119846563852528, -55.83702931327887], [1.0333811645583275e-05, 3.754473180042361e-05, 0.9760119805614856]], "0-G01": [[1.018690320094693, -0.021636496629481333, -15.06139578841674], [-0.0122897975695233, 0.9722186312487163, 133.11599520590616], [2.7626703120339603e-05, -6.62025585845478e-05, 1.0001361416929777]], "1-G01": [[1.0184352520143396, -0.022682219494052313, -14.40159627044114], [-0.01182589185685083, 0.9719786426389915, 133.32088502859577], [2.7232425417773826e-05, -6.680733251764566e-05, 1.0002820776013706]], "2-G01": [[1.018507934556259, -0.02313082743815739, -14.086971786326393], [-0.011385620060756487, 0.9719593669662074, 133.24752043319214], [2.7322039778356434e-05, -6.686742996958321e-05, 1.0005737263714476]],