{"0-B01": [[0.9980252445178565, 0.0027026731070319892, 6.788889571350288], [-0.003849274712740979, 0.99993342465239, 1.3338821072803388], [-2.9196978900494247e-06, -1.7658208495726817e-07, 1.0020836583878154]], "1-B01": [[0.9988274947495066, 0.002090814287033311, 3.8766944758612922], [-0.0022935706212297616, 1.00021423683845, -0.33208126313117753], [-1.738911031115498e-06, 6.079601576154615e-07, 1.0009535727659242]], "2-B01": [[0.9992289868609813, 0.000833199924266955, 2.486141789795208], [-0.0017120308717965894, 0.9997478897583019, 1.377502842365823], [-1.1451531919603647e-06, -7.066140640580503e-07, 1.0008257927319897]], "3-B01": [[0.9999999979454388, -4.564712723851165e-10, 4.259483851357601e-07], [-8.717849920613083e-11, 0.9999999995316935, -1.3336989809500522e-06], [2.892576695251478e-14, -5.345139655771435e-13, 0.9999999983652046]], "4-B01": [[1.0000329691490295, 2.955476210958177e-05, -0.6470389159894508], [0.0003677685011327776, 1.0002020950828607, -0.7520173638146144], [4.92537103511811e-08, 5.677079735053864e-07, 0.9995915190837052]], "5-B01": [[1.000529742717989, -0.0005534191052227294, -1.9208907903948391], [0.0009553478450487375, 1.0000645289231698, -0.07770621853516499], [7.909748181052419e-07, 1.8153980324695716e-07, 0.9994508910831729]], "6-B01": [[1.0008180334380807, -0.0016441737234686874, -2.912679210298302], [0.001399427018085359, 0.9996354254347506, 2.3135225353006055], [1.2229991221375895e-06, -1.016397299102953e-06, 0.9995121842889461]], "0-B02": [[1.0063166298206563, 0.010495184760527796, -59.824965339665894], [-0.025507810465511167, 0.9879722734642928, 71.3085901552099], [1.0726476597752151e-05, -3.044769108947523e-05, 1.0003887568466723]], "1-B02": [[1.0068422744223962, 0.01049460257101108, -62.66135648419551], [-0.024613595286941327, 0.988301742616436, 70.01025878332945], [1.156594910480439e-05, -2.9616871564395866e-05, 0.9995221667144695]], "2-B02": [[1.0074521175785829, 0.009395539212441392, -64.5997225919972], [-0.023534902515663526, 0.9880523079360818, 70.41646373818917], [1.2522414526238472e-05, -3.028054618163407e-05, 0.9988078468342362]], "3-B02": [[1.0085188276043873, 0.007425114793548695, -67.39854243366898], [-0.021291215900123357, 0.987827805673486, 70.26721089336218], [1.4185098221410059e-05, -3.0933586234348646e-05, 0.9980897499715282]], "4-B02": [[1.008357089539304, 0.007677930427331069, -67.81725905940608], [-0.02104859277837746, 0.9881869269286934, 69.21762436691125], [1.3923681284774976e-05, -3.0008199495252188e-05, 0.9977543347941168]], "5-B02": [[1.0087182844432563, 0.007394473643566954, -69.07251465215145], [-0.020644234126991227, 0.9880965185398137, 69.71217712449545], [1.4508985376708794e-05, -3.021504142953479e-05, 0.9974870172958827]], "6-B02": [[1.0090851247124217, 0.0070689200051445075, -70.62434978243478], [-0.020536396574863003, 0.9877468278828747, 71.72177604331436], [1.5122228093010656e-05, -3.1012215204455094e-05, 0.997198898338776]], "0-B03": [[1.0058246001258522, 0.021695877459660663, -99.21839204374957], [-0.017530054660130474, 1.0000717172341778, 8.989977313152263], [1.0196810002581388e-05, 8.351371401003968e-07, 0.9914432493756511]], "1-B03": [[1.0067170956245217, 0.02139055383255876, -102.78231619034649], [-0.016526079936516676, 1.0001762224047688, 8.425757338666791], [1.1720690887290472e-05, 1.1018638376143723e-06, 0.9904019611044588]], "2-B03": [[1.0068717219913, 0.020873328334891278, -103.85503102779651], [-0.015810884894895072, 1.0002547717889292, 7.696086086118482], [1.197376026165272e-05, 1.2870365110106562e-06, 0.9896971173618612]], "3-B03": [[1.0076172352329396, 0.01889153113880851, -105.95290242421572], [-0.013474750708121803, 1.0002390513419697, 7.283394154260314], [1.3204890535465797e-05, 1.1376684429609788e-06, 0.9891103808345744]], "4-B03": [[1.0077702195283176, 0.01821302586561067, -106.96710521065874], [-0.012680029066832665, 1.0002701537295604, 6.3760269034907955], [1.3459723771400571e-05, 1.1902597552150992e-06, 0.9885822854883581]], "5-B03": [[1.0082677513169307, 0.018023474893820977, -108.95679828803262], [-0.012496690616878536, 1.000065283924505, 8.221366203211943], [1.4335246101900803e-05, 6.188506335780809e-07, 0.9883435717655643]], "6-B03": [[1.0084362022882847, 0.01825261816584095, -109.91551751425703], [-0.012693544772371454, 1.0000087634115487, 8.89797981423284], [1.4642203681224828e-05, 4.754799907671476e-07, 0.9880735011803744]], "0-B04": [[1.0038192098048504, 0.033670510939069066, -132.7711071970901], [-0.030080410055774887, 0.9999234485915234, 18.61412644527602], [7.814713768276102e-06, 1.3116319472713985e-06, 0.9973189659845169]], "1-B04": [[1.0046715265661859, 0.03365425855135565, -136.7126663954044], [-0.029260265357351906, 1.000097776817338, 17.68476970095552], [9.358616501389938e-06, 1.7780464079149754e-06, 0.9959401391586881]], "2-B04": [[1.0046651393635535, 0.03189441486569162, -136.77918566052134], [-0.02778875386429307, 0.9999834132338871, 17.312168779959915], [9.270540766321825e-06, 1.3188929174915582e-06, 0.9957830500448873]], "3-B04": [[1.0054790148444035, 0.030287896028930224, -139.12416434403974], [-0.025482462608138513, 1.0001716953261197, 16.00524524720537], [1.0661301954425815e-05, 1.6929236258127073e-06, 0.9948715239269843]], "4-B04": [[1.0058224617147897, 0.02983692084205632, -140.81002938544464], [-0.024821428447487682, 1.000180276626529, 15.58779846452982], [1.1276405856016877e-05, 1.6803341306975725e-06, 0.9941577852784848]], "5-B04": [[1.006189450840079, 0.029796526609543825, -142.6579331602019], [-0.024823641543654348, 0.9999774825307115, 17.437189636345096], [1.1975702430320427e-05, 1.127257969470165e-06, 0.9938731671672494]], "6-B04": [[1.0062655170560963, 0.030338511659477898, -143.47509284856486], [-0.025354708582436852, 0.9999210504857199, 18.46398172783479], [1.2153669053778466e-05, 1.0171008750847053e-06, 0.9936989558638987]], "0-B05": [[0.9989268220269761, 0.043771227560673406, -160.18586321778665], [-0.027056534166431178, 1.0103344235004286, -40.87894069075828], [-1.3639721183930217e-06, 3.245950537945896e-05, 0.9871712902867323]], "1-B05": [[0.9991353677195983, 0.04246677228514197, -160.37987073173593], [-0.02601731090596412, 1.0101453723150917, -40.34817656507397], [-1.0147827963426338e-06, 3.1769109631317764e-05, 0.987511380965594]], "2-B05": [[0.999732629324422, 0.0428455730030114, -164.02496279729792], [-0.025662658661077812, 1.0104030818264027, -41.648464145391934], [1.2191087988246256e-07, 3.256392641335841e-05, 0.9859240003238402]], "3-B05": [[1.0002123674784529, 0.03977471063609456, -164.7559603044393], [-0.023038320332167923, 1.0100671359318032, -41.118457727924316], [9.27880533954602e-07, 3.126745485259712e-05, 0.9857755043294955]], "4-B05": [[1.0007139704539534, 0.03927969580586218, -166.99596438959233], [-0.021645916602617967, 1.0104825737574004, -43.677698855347145], [1.8428054586215035e-06, 3.248520212934864e-05, 0.9845331772581217]], "5-B05": [[1.0009636145666199, 0.039172109574045745, -168.2610274146237], [-0.021543319830157694, 1.0104190796956427, -42.58693254219165], [2.3262475872059614e-06, 3.2204844237631055e-05, 0.9841512675574725]], "6-B05": [[1.0011845473275103, 0.038957594795528905, -169.81468627448217], [-0.021775553017316707, 1.0100819872430955, -40.42401293728524], [2.772309732012798e-06, 3.1124193654223024e-05, 0.9842381904633902]], "0-G01": [[1.0169370601048018, -0.02006180243585168, -8.5406193584732], [-0.014484165809276802, 0.9730382253122699, 128.09318179126606], [2.498293089898342e-05, -6.499353505332153e-05, 1.0017203415457376]], "1-G01": [[1.0173602089408131, -0.020270322297459595, -9.890060318324267], [-0.01367393074430108, 0.9732062891601593, 127.51309507033704], [2.5605160809198338e-05, -6.457200272740561e-05, 1.001443225303979]], "2-G01": [[1.0179692651618224, -0.021750080486434134, -12.543668372313638], [-0.012106688712242977, 0.972926208874652, 127.86034748851972], [2.6512024738611238e-05, -6.517282421594854e-05, 1.0006430430090578]],