{"0-B01": [[0.9992635209535781, -0.0035211532745373655, 3.9330209655850417], [0.003156206313428472, 1.000011412871803, -0.3921808223365546], [-1.0866996637096318e-06, 4.954524843088232e-08, 1.0013883701481834]], "1-B01": [[0.9997169485397941, -0.0007516535705860864, 1.3500092467372502], [0.0019521139171994005, 1.0007153069646109, -3.5961573933740034], [-4.1827531895332364e-07, 2.018029717446201e-06, 0.9999123313600692]], "2-B01": [[0.9997702747362454, 0.00023282322969134952, 0.48617457808301173], [0.0012119688497435495, 1.0008306946138399, -3.4831920584056433], [-3.409465967721934e-07, 2.338718769197303e-06, 0.999506947781659]], "3-B01": [[1.00000000076156, -8.770650241548014e-11, -1.5110734293457799e-07], [1.1636424980294898e-10, 1.0000000003811667, -5.597193878137347e-07], [8.57581699736089e-14, -2.5893463643535316e-13, 1.0000000003217147]], "4-B01": [[1.0003151303877802, 0.00042039462365497536, -0.7554652263972388], [-0.00015179734928694378, 1.0000532921496408, -0.17127117321697055], [4.697677523035868e-07, 1.4995002130574143e-07, 0.9999438683047169]], "5-B01": [[1.0001477852610556, 0.002308009673970013, -1.023499557147369], [-0.0012811774319792682, 1.0004976418116711, -2.229903764203934], [2.215753534316668e-07, 1.4074286554661393e-06, 0.9994430796394528]], "6-B01": [[1.0000818581832498, 0.0036022185064721944, -0.8961367205989392], [-0.0018038587085217848, 1.0009182789851438, -4.0877788332866585], [1.244586667360648e-07, 2.605236815046869e-06, 0.9993078330170164]], "0-B02": [[1.0091508656093504, 0.0039610348223716434, -69.14429132472449], [-0.017763842521224017, 0.9875590772088882, 72.01062315239716], [1.5112710246984092e-05, -3.155871892907699e-05, 0.9978617795433746]], "1-B02": [[1.0094683008998953, 0.006087942778354542, -70.73648734009141], [-0.0182930226882157, 0.9884718606339459, 68.1948445150041], [1.5655459004857172e-05, -2.929880283954669e-05, 0.9969225135853714]], "2-B02": [[1.0095216020057216, 0.007512386519628501, -72.02506290657008], [-0.020054087987028922, 0.9881827130108142, 69.57440026258266], [1.58225422976081e-05, -2.995645139612997e-05, 0.9964861147241442]], "3-B02": [[1.0096766845705927, 0.00803304610960518, -72.86655200443131], [-0.020619219382599946, 0.9880693462995249, 70.07703925232244], [1.6104377675924897e-05, -3.02107033190215e-05, 0.9961356814567359]], "4-B02": [[1.0099333335390424, 0.008807258940908754, -73.63496298420093], [-0.02143194827852342, 0.9878941648479981, 71.41454638624367], [1.656371182938688e-05, -3.0574038265066106e-05, 0.9962507845827479]], "5-B02": [[1.0097895116024243, 0.009694474618768205, -73.73495052726048], [-0.022193784027003276, 0.9880342689237306, 70.66373062551943], [1.6359945831313316e-05, -3.022306444264263e-05, 0.9959628820732123]], "6-B02": [[1.0097653821969381, 0.01103596982925881, -73.56186696721697], [-0.022632458391444732, 0.9886531866479563, 67.94526291292044], [1.632940384214473e-05, -2.8696724190730808e-05, 0.9958241815761698]], "0-B03": [[1.0103321430980283, 0.017260697622480073, -115.2230628191222], [-0.009035175134868395, 1.0009953115607628, 2.371255121975597], [1.7853139508047e-05, 3.132113438748534e-06, 0.9852999857112846]], "1-B03": [[1.0102896767375054, 0.018421659119658804, -115.94338116281386], [-0.009746527261965387, 1.001277908369343, 0.46253035174440943], [1.780213618758397e-05, 3.972188887252077e-06, 0.9846197944903674]], "2-B03": [[1.0105413339120788, 0.019958024243004337, -117.58859326482553], [-0.011494137005811866, 1.0010029875818245, 2.8940085841625423], [1.8300353392995434e-05, 3.283727784043104e-06, 0.9843178878201941]], "3-B03": [[1.010808372934649, 0.020028326760650837, -118.36221668855121], [-0.011936837133527174, 1.0006525133679198, 5.087927989333295], [1.8782878714985477e-05, 2.32272293165677e-06, 0.9843770118361937]], "4-B03": [[1.0108858333748965, 0.02116241849924409, -119.02272871730477], [-0.012723581519683365, 1.0008222281318293, 3.9408824543108008], [1.8944293337194396e-05, 2.853333652231195e-06, 0.9840960934218957]], "5-B03": [[1.0107920815470532, 0.021703707196130736, -118.79800445479962], [-0.013259258085756597, 1.0008492126674797, 4.011997139129654], [1.8792549159392747e-05, 2.9576470022648993e-06, 0.9841483694637247]], "6-B03": [[1.0106401853147957, 0.023860201378080315, -118.7930579152689], [-0.014090836088684028, 1.0017037261620694, -0.39856289063513445], [1.854456663045276e-05, 5.448686158599196e-06, 0.983612222211601]], "0-B04": [[1.00896913860088, 0.028370508150975277, -151.89040272470402], [-0.020643507567357323, 1.0006848013620158, 12.108695208170513], [1.700712153030026e-05, 2.9309582134393894e-06, 0.9905632424374007]], "1-B04": [[1.008898425277242, 0.02969220013777661, -152.19026296696313], [-0.021136578436281087, 1.0012449173709292, 9.272427047916171], [1.6894955440646428e-05, 4.5584491148519825e-06, 0.9899299229882634]], "2-B04": [[1.0090122324367463, 0.031521009454569454, -153.85670799166127], [-0.023356866549482352, 1.0008415662222117, 11.978537639270627], [1.7237987433314694e-05, 3.603735009699303e-06, 0.9896649363355248]], "3-B04": [[1.009167422574141, 0.030593325705941685, -154.35660023330487], [-0.023008107070643838, 1.0004043364215465, 13.584927539695213], [1.7518214271969726e-05, 2.345287647695884e-06, 0.9895504724269435]], "4-B04": [[1.0093160123199387, 0.032568295327945265, -155.42541153105486], [-0.024438987844701943, 1.000631642272553, 13.17910921656362], [1.787573355314939e-05, 3.1227179883389066e-06, 0.9892221101151139]], "5-B04": [[1.009340171749372, 0.03281511499188197, -155.63218693706617], [-0.02470523982866337, 1.0005982200338717, 13.140986415054883], [1.7936622537015735e-05, 3.055522659905173e-06, 0.989154941841826]], "6-B04": [[1.009084063718213, 0.03340673036932763, -154.5896779131695], [-0.02511654104342478, 1.0008200789175823, 12.042864771297648], [1.7463395920647567e-05, 3.7106637838577504e-06, 0.9894225861609958]], "0-B05": [[1.0044124505424579, 0.03712970713914348, -181.26921440304938], [-0.016305561931600362, 1.0112517984207083, -48.53841987917831], [8.917896240223904e-06, 3.45586757353416e-05, 0.9791518407240302]], "1-B05": [[1.0045287287360791, 0.039645507528977865, -182.8358696727765], [-0.017546098467590105, 1.0119241959721472, -52.01116875816772], [9.198807417796623e-06, 3.6899303663191245e-05, 0.9780928783241669]], "2-B05": [[1.0046143669483527, 0.03990123805250059, -183.63553993633283], [-0.018333247870955152, 1.011526436183477, -50.547762967013014], [9.404151679473564e-06, 3.574967438746005e-05, 0.9779172979140542]], "3-B05": [[1.0046411660906869, 0.04098712064087875, -184.777510286432], [-0.019336631467089044, 1.0115373176815066, -50.26973985939374], [9.508224288382786e-06, 3.587031803045599e-05, 0.9774364033918245]], "4-B05": [[1.0048588282095776, 0.04277707297571004, -185.71234182143854], [-0.021015948846801753, 1.0114672057153347, -48.32778760568128], [1.0012066171541096e-05, 3.573137958484909e-05, 0.9774653810063303]], "5-B05": [[1.0049974824703274, 0.04168421903870299, -186.25602287475414], [-0.02007800400640425, 1.011325769280341, -49.57599835736069], [1.0250827975590735e-05, 3.533429124509668e-05, 0.9771155089551208]], "6-B05": [[1.0047320534470914, 0.04445593800341511, -185.96318687459868], [-0.02193175958510128, 1.011900663513405, -51.626656356262004], [9.801803541486567e-06, 3.7373284386000225e-05, 0.9769173757019992]], "0-G01": [[1.0175656552726018, -0.0292319629579912, -9.629144787230306], [-0.006823127681150806, 0.9713992195518913, 133.20769893050743], [2.5780839153009257e-05, -6.81748224534838e-05, 1.0022637050407612]], "1-G01": [[1.0176950441929313, -0.027427908200072054, -10.4541742501922], [-0.007668174895216862, 0.9720266259275123, 131.0675859559656], [2.599498827775644e-05, -6.686437998639192e-05, 1.001821863951675]], "2-G01": [[1.0180188042125826, -0.025667232949584767, -12.435373458312442], [-0.008966476004655775, 0.9722249595228417, 130.23151090988014], [2.652546712023588e-05, -6.651545079922372e-05, 1.0009157050669253]],