{"0-B01": [[1.0008837384428917, -0.0008260364638865675, -3.1700570464816824], [0.00022157217296559574, 0.9994226678725244, 3.8454137250588127], [1.3198590006724088e-06, -1.610389600082978e-06, 0.9993940153399141]], "1-B01": [[1.0005652869090227, -0.000665457726503062, -2.350682248496477], [4.706235759750893e-05, 0.9995075339959018, 3.288506588206562], [8.438117116624021e-07, -1.3751116659301657e-06, 0.9994596623119879]], "2-B01": [[1.0001870010655403, -0.0010089959858482539, -0.572194892551802], [0.00010109074008689926, 0.9994625850677765, 3.078880064600045], [2.788274974154229e-07, -1.5024411598798137e-06, 1.0001951530233475]], "3-B01": [[1.0000000046831323, 9.280951061134577e-10, -7.998654720653922e-07], [1.5276048517811314e-10, 1.0000000009337007, 2.994251083899259e-06], [-4.559940162604364e-14, 1.130389946936665e-12, 1.0000000038171246]], "4-B01": [[0.9997457885417278, 4.2333296162350045e-05, 1.2667763249808546], [6.106767858405455e-05, 1.0001261260919696, -0.8743108891029725], [-3.7832231205245716e-07, 3.5485410007075004e-07, 1.000152199162182]], "5-B01": [[0.9994901723471822, -0.00017701730876366136, 2.2355400952104083], [0.00014007028456127939, 1.0001231681586138, -1.3583787418865383], [-7.584456050520834e-07, 3.472452486238533e-07, 1.0007019640802821]], "6-B01": [[0.9991726097672443, -5.5140501700357254e-05, 3.2616004043233113], [3.0917491769743886e-05, 1.0002176311514714, -2.0046831239886327], [-1.2298708358990751e-06, 6.141389557179929e-07, 1.0007526566999672]], "0-B02": [[1.00905630002135, 0.007273148413504247, -70.42352199931535], [-0.02137976081311499, 0.9873043601528083, 74.11555714560349], [1.5107052570201626e-05, -3.203881770814979e-05, 0.9975213839473859]], "1-B02": [[1.0088538914122958, 0.007664176093677356, -69.8094732006904], [-0.021676121117210796, 0.9874661320686814, 73.3275468783337], [1.4780994057666911e-05, -3.165426737833051e-05, 0.9975555419723791]], "2-B02": [[1.0085942868941455, 0.00726321045175406, -68.16952507950033], [-0.021684986803147226, 0.9873386732224784, 73.7412212715204], [1.4340979279551594e-05, -3.2000135648709515e-05, 0.9982761832149283]], "3-B02": [[1.0083617595940868, 0.008670200982117722, -67.69731581305123], [-0.02178637877270226, 0.9883161693616537, 69.51102657351973], [1.3957762725854296e-05, -2.9614233975704267e-05, 0.9979754281654439]], "4-B02": [[1.007916981856739, 0.007883998644914295, -65.75115556923562], [-0.021548925046866507, 0.98820465867004, 69.15638884589676], [1.3207448086623415e-05, -2.99830464758511e-05, 0.9985336220417156]], "5-B02": [[1.0078637720078651, 0.008270998144043112, -65.23705720475967], [-0.021600098033161146, 0.988458880173367, 68.08343887360664], [1.3116263111736467e-05, -2.9363665864073802e-05, 0.9987487870965428]], "6-B02": [[1.0075517976505235, 0.00784364761355491, -63.913424564756696], [-0.021644333470591002, 0.9883259055412842, 67.94352288977078], [1.2600622640597602e-05, -2.976540694984248e-05, 0.999185118780248]], "0-B03": [[1.008993301108731, 0.018249028152678304, -111.41965818451985], [-0.012965401058323101, 0.9996034308450048, 11.430491269544168], [1.5617281029177112e-05, -6.241485573335527e-07, 0.9876945915437801]], "1-B03": [[1.0088310607779774, 0.01807152423645322, -110.64424546967278], [-0.01306970458818125, 0.9994951224697128, 11.689562863101555], [1.5330578690110832e-05, -9.264482727946692e-07, 0.9879244350798021]], "2-B03": [[1.0083962986052384, 0.018590774220667256, -109.12876443720549], [-0.013522614732819373, 0.9997041430407752, 10.646008844958327], [1.4577582621578545e-05, -3.3505795818154027e-07, 0.9882786921706141]], "3-B03": [[1.00817756828781, 0.018524768363623993, -108.03040797044704], [-0.013803239242225412, 0.999569923304578, 11.574527346588832], [1.4199487860861988e-05, -7.01864832270602e-07, 0.9889020194142845]], "4-B03": [[1.0079046021431843, 0.019558347417607997, -107.098024940609], [-0.013502111896093828, 1.0005186825572228, 5.792214326828287], [1.370252042668843e-05, 1.937637606776678e-06, 0.9883247915759836]], "5-B03": [[1.0076819364777694, 0.019047610685024405, -105.88107518376093], [-0.01344572982898209, 1.0003311959369017, 6.556875619381939], [1.3308629433933006e-05, 1.3986178082884783e-06, 0.9889399869941647]], "6-B03": [[1.0075699750362683, 0.01950056452922006, -104.98599772373473], [-0.01361282136618331, 1.0005495430134423, 5.227558080246082], [1.3108555865911857e-05, 2.0231406517442255e-06, 0.9892587397855285]], "0-B04": [[1.0067365304809326, 0.030245134015894907, -144.00355739685224], [-0.025619628558561276, 0.999459605998244, 20.9088147493593], [1.3032777353188984e-05, -2.2457958747707971e-07, 0.9939102624612185]], "1-B04": [[1.006330326419691, 0.030251794969755583, -142.39153417971548], [-0.025955762954173234, 0.9994227394456363, 20.608882572649243], [1.2284442272675253e-05, -3.2289080987097584e-07, 0.9943978879038556]], "2-B04": [[1.0062062095062567, 0.03045177532731981, -141.33464170835538], [-0.026231631687695673, 0.9994193348974756, 21.01000792954586], [1.2058335332326785e-05, -3.156579479108733e-07, 0.995042133915364]], "3-B04": [[1.0057763808342228, 0.031108112366551352, -139.90027361926866], [-0.02587106452313457, 1.00030330493799, 15.496897377386952], [1.1228944592565534e-05, 2.1152872808496256e-06, 0.994704275552942]], "4-B04": [[1.0057128240737476, 0.030648301596738422, -139.2244895831973], [-0.025799433713576455, 1.0000855530093467, 16.34068074351399], [1.1102764392432399e-05, 1.4907742730130157e-06, 0.9951467384162505]], "5-B04": [[1.0055370297501336, 0.030552837979140435, -138.01697595455698], [-0.02559828677806436, 1.0002469290158829, 14.822407497223608], [1.0755899019700111e-05, 1.923045908895544e-06, 0.9954982352602675]], "6-B04": [[1.0053522004053679, 0.03119508006918289, -137.5399096058376], [-0.026328495649978717, 1.0002402694491084, 15.183975318441933], [1.0451071540829457e-05, 1.957240565904417e-06, 0.9957685144898106]], "0-B05": [[1.0016243157677573, 0.03846265963004544, -170.7184353573865], [-0.021785703756223823, 1.0096071106171025, -37.60777211744238], [3.6309988791851948e-06, 2.9598908668318717e-05, 0.9842157766529243]], "1-B05": [[1.001365807902772, 0.040110243101529434, -170.12061184415808], [-0.02291840363410769, 1.0099900847744154, -38.28463599059942], [3.175024248057166e-06, 3.084261515129829e-05, 0.9842438200569016]], "2-B05": [[1.0009304491891933, 0.039632929896651174, -168.25955583891326], [-0.023155513970632136, 1.0097018328265717, -37.25485969843732], [2.334725375912916e-06, 2.997521728797558e-05, 0.9852457777397097]], "3-B05": [[1.0011076686276572, 0.03993235675360365, -167.91344918661903], [-0.022713737438285312, 1.0100686691822884, -39.70295583841684], [2.6562072370555755e-06, 3.1165229198717647e-05, 0.9851824439095949]], "4-B05": [[1.000858079334154, 0.04066763159735475, -167.66347053010279], [-0.022746066842857612, 1.0105618762876118, -43.21147341168779], [2.1715872698685776e-06, 3.281888785591118e-05, 0.9845610247228335]], "5-B05": [[1.0006075356223727, 0.04092530301753044, -166.28140562075288], [-0.02282431527093537, 1.0107649581754863, -43.598712984483164], [1.6858833149011404e-06, 3.342470381799075e-05, 0.9850366660794773]], "6-B05": [[1.000226939335023, 0.04085105317137772, -164.6946276873008], [-0.023198639243518986, 1.0105906593826597, -43.66758172455747], [9.629812370954716e-07, 3.2982870597896614e-05, 0.9857209318789797]], "0-G01": [[1.0196900669004516, -0.02244920610063204, -19.889437332272937], [-0.010439762955727022, 0.9724465528901637, 130.56868691801822], [2.9150851572520545e-05, -6.582945799303724e-05, 0.9983224010939313]], "1-G01": [[1.0195339687356206, -0.02309848798283189, -18.512918750679344], [-0.010161894257640013, 0.972398814593966, 129.83722544886336], [2.8878474968325938e-05, -6.610014686731049e-05, 0.998744861921342]], "2-G01": [[1.0192882076201577, -0.023518041268529948, -17.25282141013362], [-0.010251815612473542, 0.9721866529585645, 130.6822361621821], [2.8496554949302918e-05, -6.657438326241793e-05, 0.9993171952484698]],